id1,id2,lat1,lon1,lat2,lon2
21796,27339,33.812361,-116.395444,33.663511,-117.856388
21796,30131,33.812361,-116.395444,33.858556,-118.31461
21796,33581,33.812361,-116.395444,33.941383,-118.377866
21796,33582,33.812361,-116.395444,33.21444166,-117.3870303
21796,61710,33.812361,-116.395444,33.843799,-118.313324
21796,61967,33.812361,-116.395444,33.855862,-117.837744
21796,61968,33.812361,-116.395444,34.076363,-118.358673
21796,61970,33.812361,-116.395444,34.0621924,-118.1736142
21796,61972,33.812361,-116.395444,37.271941,-121.954643
21796,61973,33.812361,-116.395444,36.25298,-120.239432
21796,61974,33.812361,-116.395444,33.648692,-117.918614
21796,61976,33.812361,-116.395444,34.200017,-118.191164
21796,61978,33.812361,-116.395444,33.661543,-117.668467
21796,61979,33.812361,-116.395444,33.819222,-118.189733
21796,61980,33.812361,-116.395444,34.101336,-118.314034
21796,61981,33.812361,-116.395444,33.963119,-118.421458
21796,61983,33.812361,-116.395444,34.168683,-118.835986
21796,61984,33.812361,-116.395444,32.933578,-117.240016
21796,61985,33.812361,-116.395444,37.37326,-121.918838
21796,61986,33.812361,-116.395444,34.438155,-119.751005
21796,61987,33.812361,-116.395444,37.284189,-121.999331
21796,61988,33.812361,-116.395444,34.111868,-118.149849
21796,62002,33.812361,-116.395444,33.889394,-118.360962
21796,62017,33.812361,-116.395444,33.519722,-117.66697
21796,62018,33.812361,-116.395444,34.025325,-118.469612
21796,62022,33.812361,-116.395444,34.166383,-118.605407
21796,122225,33.812361,-116.395444,33.406218,-111.99245
21796,153941,33.812361,-116.395444,34.001326,-117.830482
21796,153942,33.812361,-116.395444,33.70336,-117.926877
27339,30131,33.663511,-117.856388,33.858556,-118.31461
27339,33581,33.663511,-117.856388,33.941383,-118.377866
27339,33582,33.663511,-117.856388,33.21444166,-117.3870303
27339,48407,33.663511,-117.856388,37.83426758,-122.2815812
27339,61710,33.663511,-117.856388,33.843799,-118.313324
27339,61950,33.663511,-117.856388,37.418914,-122.133104
27339,61967,33.663511,-117.856388,33.855862,-117.837744
27339,61968,33.663511,-117.856388,34.076363,-118.358673
27339,61970,33.663511,-117.856388,34.0621924,-118.1736142
27339,61972,33.663511,-117.856388,37.271941,-121.954643
27339,61973,33.663511,-117.856388,36.25298,-120.239432
27339,61974,33.663511,-117.856388,33.648692,-117.918614
27339,61975,33.663511,-117.856388,37.666686,-122.106352
27339,61976,33.663511,-117.856388,34.200017,-118.191164
27339,61977,33.663511,-117.856388,37.52217,-121.968501
27339,61978,33.663511,-117.856388,33.661543,-117.668467
27339,61979,33.663511,-117.856388,33.819222,-118.189733
27339,61980,33.663511,-117.856388,34.101336,-118.314034
27339,61981,33.663511,-117.856388,33.963119,-118.421458
27339,61982,33.663511,-117.856388,37.888823,-122.5179817
27339,61983,33.663511,-117.856388,34.168683,-118.835986
27339,61984,33.663511,-117.856388,32.933578,-117.240016
27339,61985,33.663511,-117.856388,37.37326,-121.918838
27339,61986,33.663511,-117.856388,34.438155,-119.751005
27339,61987,33.663511,-117.856388,37.284189,-121.999331
27339,61988,33.663511,-117.856388,34.111868,-118.149849
27339,61989,33.663511,-117.856388,37.647933,-122.406006
27339,62002,33.663511,-117.856388,33.889394,-118.360962
27339,62011,33.663511,-117.856388,37.771711,-121.971556
27339,62013,33.663511,-117.856388,37.405137,-122.067089
27339,62015,33.663511,-117.856388,37.761532,-122.204613
27339,62017,33.663511,-117.856388,33.519722,-117.66697
27339,62018,33.663511,-117.856388,34.025325,-118.469612
27339,62022,33.663511,-117.856388,34.166383,-118.605407
27339,64018,33.663511,-117.856388,38.569427,-121.521377
27339,88307,33.663511,-117.856388,37.780625,-122.394922
27339,88308,33.663511,-117.856388,37.740188,-122.423654
27339,88310,33.663511,-117.856388,37.773345,-122.408478
27339,88315,33.663511,-117.856388,37.809238,-122.255662
27339,88318,33.663511,-117.856388,38.573852,-121.382464
27339,88320,33.663511,-117.856388,38.679592,-121.320589
27339,121860,33.663511,-117.856388,37.83421674,-122.2815383
27339,122225,33.663511,-117.856388,33.406218,-111.99245
27339,153941,33.663511,-117.856388,34.001326,-117.830482
27339,153942,33.663511,-117.856388,33.70336,-117.926877
30131,33581,33.858556,-118.31461,33.941383,-118.377866
30131,33582,33.858556,-118.31461,33.21444166,-117.3870303
30131,48407,33.858556,-118.31461,37.83426758,-122.2815812
30131,61710,33.858556,-118.31461,33.843799,-118.313324
30131,61950,33.858556,-118.31461,37.418914,-122.133104
30131,61967,33.858556,-118.31461,33.855862,-117.837744
30131,61968,33.858556,-118.31461,34.076363,-118.358673
30131,61970,33.858556,-118.31461,34.0621924,-118.1736142
30131,61972,33.858556,-118.31461,37.271941,-121.954643
30131,61973,33.858556,-118.31461,36.25298,-120.239432
30131,61974,33.858556,-118.31461,33.648692,-117.918614
30131,61975,33.858556,-118.31461,37.666686,-122.106352
30131,61976,33.858556,-118.31461,34.200017,-118.191164
30131,61977,33.858556,-118.31461,37.52217,-121.968501
30131,61978,33.858556,-118.31461,33.661543,-117.668467
30131,61979,33.858556,-118.31461,33.819222,-118.189733
30131,61980,33.858556,-118.31461,34.101336,-118.314034
30131,61981,33.858556,-118.31461,33.963119,-118.421458
30131,61982,33.858556,-118.31461,37.888823,-122.5179817
30131,61983,33.858556,-118.31461,34.168683,-118.835986
30131,61984,33.858556,-118.31461,32.933578,-117.240016
30131,61985,33.858556,-118.31461,37.37326,-121.918838
30131,61986,33.858556,-118.31461,34.438155,-119.751005
30131,61987,33.858556,-118.31461,37.284189,-121.999331
30131,61988,33.858556,-118.31461,34.111868,-118.149849
30131,61989,33.858556,-118.31461,37.647933,-122.406006
30131,61990,33.858556,-118.31461,39.324902,-120.223537
30131,62002,33.858556,-118.31461,33.889394,-118.360962
30131,62011,33.858556,-118.31461,37.771711,-121.971556
30131,62013,33.858556,-118.31461,37.405137,-122.067089
30131,62015,33.858556,-118.31461,37.761532,-122.204613
30131,62017,33.858556,-118.31461,33.519722,-117.66697
30131,62018,33.858556,-118.31461,34.025325,-118.469612
30131,62022,33.858556,-118.31461,34.166383,-118.605407
30131,64018,33.858556,-118.31461,38.569427,-121.521377
30131,88307,33.858556,-118.31461,37.780625,-122.394922
30131,88308,33.858556,-118.31461,37.740188,-122.423654
30131,88310,33.858556,-118.31461,37.773345,-122.408478
30131,88315,33.858556,-118.31461,37.809238,-122.255662
30131,88318,33.858556,-118.31461,38.573852,-121.382464
30131,88320,33.858556,-118.31461,38.679592,-121.320589
30131,121860,33.858556,-118.31461,37.83421674,-122.2815383
30131,122225,33.858556,-118.31461,33.406218,-111.99245
30131,153941,33.858556,-118.31461,34.001326,-117.830482
30131,153942,33.858556,-118.31461,33.70336,-117.926877
33062,70260,42.305644,-83.162105,40.78093,-81.36797
33062,73480,42.305644,-83.162105,42.957467,-83.652711
33476,41135,42.549221,-71.284134,41.490507,-72.760932
33476,60205,42.549221,-71.284134,39.611522,-75.739514
33476,61099,42.549221,-71.284134,40.592118,-73.585241
33476,66767,42.549221,-71.284134,42.387412,-71.07446
33476,66848,42.549221,-71.284134,41.843121,-73.081003
33581,33582,33.941383,-118.377866,33.21444166,-117.3870303
33581,48407,33.941383,-118.377866,37.83426758,-122.2815812
33581,61710,33.941383,-118.377866,33.843799,-118.313324
33581,61950,33.941383,-118.377866,37.418914,-122.133104
33581,61967,33.941383,-118.377866,33.855862,-117.837744
33581,61968,33.941383,-118.377866,34.076363,-118.358673
33581,61970,33.941383,-118.377866,34.0621924,-118.1736142
33581,61972,33.941383,-118.377866,37.271941,-121.954643
33581,61973,33.941383,-118.377866,36.25298,-120.239432
33581,61974,33.941383,-118.377866,33.648692,-117.918614
33581,61975,33.941383,-118.377866,37.666686,-122.106352
33581,61976,33.941383,-118.377866,34.200017,-118.191164
33581,61977,33.941383,-118.377866,37.52217,-121.968501
33581,61978,33.941383,-118.377866,33.661543,-117.668467
33581,61979,33.941383,-118.377866,33.819222,-118.189733
33581,61980,33.941383,-118.377866,34.101336,-118.314034
33581,61981,33.941383,-118.377866,33.963119,-118.421458
33581,61982,33.941383,-118.377866,37.888823,-122.5179817
33581,61983,33.941383,-118.377866,34.168683,-118.835986
33581,61984,33.941383,-118.377866,32.933578,-117.240016
33581,61985,33.941383,-118.377866,37.37326,-121.918838
33581,61986,33.941383,-118.377866,34.438155,-119.751005
33581,61987,33.941383,-118.377866,37.284189,-121.999331
33581,61988,33.941383,-118.377866,34.111868,-118.149849
33581,61989,33.941383,-118.377866,37.647933,-122.406006
33581,61990,33.941383,-118.377866,39.324902,-120.223537
33581,62002,33.941383,-118.377866,33.889394,-118.360962
33581,62011,33.941383,-118.377866,37.771711,-121.971556
33581,62013,33.941383,-118.377866,37.405137,-122.067089
33581,62015,33.941383,-118.377866,37.761532,-122.204613
33581,62017,33.941383,-118.377866,33.519722,-117.66697
33581,62018,33.941383,-118.377866,34.025325,-118.469612
33581,62022,33.941383,-118.377866,34.166383,-118.605407
33581,64018,33.941383,-118.377866,38.569427,-121.521377
33581,88307,33.941383,-118.377866,37.780625,-122.394922
33581,88308,33.941383,-118.377866,37.740188,-122.423654
33581,88310,33.941383,-118.377866,37.773345,-122.408478
33581,88315,33.941383,-118.377866,37.809238,-122.255662
33581,88318,33.941383,-118.377866,38.573852,-121.382464
33581,88320,33.941383,-118.377866,38.679592,-121.320589
33581,121860,33.941383,-118.377866,37.83421674,-122.2815383
33581,122225,33.941383,-118.377866,33.406218,-111.99245
33581,153941,33.941383,-118.377866,34.001326,-117.830482
33581,153942,33.941383,-118.377866,33.70336,-117.926877
33582,61710,33.21444166,-117.3870303,33.843799,-118.313324
33582,61950,33.21444166,-117.3870303,37.418914,-122.133104
33582,61967,33.21444166,-117.3870303,33.855862,-117.837744
33582,61968,33.21444166,-117.3870303,34.076363,-118.358673
33582,61970,33.21444166,-117.3870303,34.0621924,-118.1736142
33582,61972,33.21444166,-117.3870303,37.271941,-121.954643
33582,61973,33.21444166,-117.3870303,36.25298,-120.239432
33582,61974,33.21444166,-117.3870303,33.648692,-117.918614
33582,61976,33.21444166,-117.3870303,34.200017,-118.191164
33582,61977,33.21444166,-117.3870303,37.52217,-121.968501
33582,61978,33.21444166,-117.3870303,33.661543,-117.668467
33582,61979,33.21444166,-117.3870303,33.819222,-118.189733
33582,61980,33.21444166,-117.3870303,34.101336,-118.314034
33582,61981,33.21444166,-117.3870303,33.963119,-118.421458
33582,61983,33.21444166,-117.3870303,34.168683,-118.835986
33582,61984,33.21444166,-117.3870303,32.933578,-117.240016
33582,61985,33.21444166,-117.3870303,37.37326,-121.918838
33582,61986,33.21444166,-117.3870303,34.438155,-119.751005
33582,61987,33.21444166,-117.3870303,37.284189,-121.999331
33582,61988,33.21444166,-117.3870303,34.111868,-118.149849
33582,62002,33.21444166,-117.3870303,33.889394,-118.360962
33582,62013,33.21444166,-117.3870303,37.405137,-122.067089
33582,62017,33.21444166,-117.3870303,33.519722,-117.66697
33582,62018,33.21444166,-117.3870303,34.025325,-118.469612
33582,62022,33.21444166,-117.3870303,34.166383,-118.605407
33582,122225,33.21444166,-117.3870303,33.406218,-111.99245
33582,153941,33.21444166,-117.3870303,34.001326,-117.830482
33582,153942,33.21444166,-117.3870303,33.70336,-117.926877
41135,60205,41.490507,-72.760932,39.611522,-75.739514
41135,61099,41.490507,-72.760932,40.592118,-73.585241
41135,66767,41.490507,-72.760932,42.387412,-71.07446
41135,66848,41.490507,-72.760932,41.843121,-73.081003
48407,61710,37.83426758,-122.2815812,33.843799,-118.313324
48407,61950,37.83426758,-122.2815812,37.418914,-122.133104
48407,61967,37.83426758,-122.2815812,33.855862,-117.837744
48407,61968,37.83426758,-122.2815812,34.076363,-118.358673
48407,61970,37.83426758,-122.2815812,34.0621924,-118.1736142
48407,61972,37.83426758,-122.2815812,37.271941,-121.954643
48407,61973,37.83426758,-122.2815812,36.25298,-120.239432
48407,61974,37.83426758,-122.2815812,33.648692,-117.918614
48407,61975,37.83426758,-122.2815812,37.666686,-122.106352
48407,61976,37.83426758,-122.2815812,34.200017,-118.191164
48407,61977,37.83426758,-122.2815812,37.52217,-121.968501
48407,61978,37.83426758,-122.2815812,33.661543,-117.668467
48407,61979,37.83426758,-122.2815812,33.819222,-118.189733
48407,61980,37.83426758,-122.2815812,34.101336,-118.314034
48407,61981,37.83426758,-122.2815812,33.963119,-118.421458
48407,61982,37.83426758,-122.2815812,37.888823,-122.5179817
48407,61983,37.83426758,-122.2815812,34.168683,-118.835986
48407,61985,37.83426758,-122.2815812,37.37326,-121.918838
48407,61986,37.83426758,-122.2815812,34.438155,-119.751005
48407,61987,37.83426758,-122.2815812,37.284189,-121.999331
48407,61988,37.83426758,-122.2815812,34.111868,-118.149849
48407,61989,37.83426758,-122.2815812,37.647933,-122.406006
48407,61990,37.83426758,-122.2815812,39.324902,-120.223537
48407,62002,37.83426758,-122.2815812,33.889394,-118.360962
48407,62011,37.83426758,-122.2815812,37.771711,-121.971556
48407,62013,37.83426758,-122.2815812,37.405137,-122.067089
48407,62015,37.83426758,-122.2815812,37.761532,-122.204613
48407,62017,37.83426758,-122.2815812,33.519722,-117.66697
48407,62018,37.83426758,-122.2815812,34.025325,-118.469612
48407,62022,37.83426758,-122.2815812,34.166383,-118.605407
48407,64018,37.83426758,-122.2815812,38.569427,-121.521377
48407,88307,37.83426758,-122.2815812,37.780625,-122.394922
48407,88308,37.83426758,-122.2815812,37.740188,-122.423654
48407,88310,37.83426758,-122.2815812,37.773345,-122.408478
48407,88315,37.83426758,-122.2815812,37.809238,-122.255662
48407,88318,37.83426758,-122.2815812,38.573852,-121.382464
48407,88320,37.83426758,-122.2815812,38.679592,-121.320589
48407,121860,37.83426758,-122.2815812,37.83421674,-122.2815383
48407,153941,37.83426758,-122.2815812,34.001326,-117.830482
48407,153942,37.83426758,-122.2815812,33.70336,-117.926877
60205,61099,39.611522,-75.739514,40.592118,-73.585241
60205,66767,39.611522,-75.739514,42.387412,-71.07446
60205,66848,39.611522,-75.739514,41.843121,-73.081003
60205,70260,39.611522,-75.739514,40.78093,-81.36797
61099,66767,40.592118,-73.585241,42.387412,-71.07446
61099,66848,40.592118,-73.585241,41.843121,-73.081003
61710,61950,33.843799,-118.313324,37.418914,-122.133104
61710,61967,33.843799,-118.313324,33.855862,-117.837744
61710,61968,33.843799,-118.313324,34.076363,-118.358673
61710,61970,33.843799,-118.313324,34.0621924,-118.1736142
61710,61972,33.843799,-118.313324,37.271941,-121.954643
61710,61973,33.843799,-118.313324,36.25298,-120.239432
61710,61974,33.843799,-118.313324,33.648692,-117.918614
61710,61975,33.843799,-118.313324,37.666686,-122.106352
61710,61976,33.843799,-118.313324,34.200017,-118.191164
61710,61977,33.843799,-118.313324,37.52217,-121.968501
61710,61978,33.843799,-118.313324,33.661543,-117.668467
61710,61979,33.843799,-118.313324,33.819222,-118.189733
61710,61980,33.843799,-118.313324,34.101336,-118.314034
61710,61981,33.843799,-118.313324,33.963119,-118.421458
61710,61982,33.843799,-118.313324,37.888823,-122.5179817
61710,61983,33.843799,-118.313324,34.168683,-118.835986
61710,61984,33.843799,-118.313324,32.933578,-117.240016
61710,61985,33.843799,-118.313324,37.37326,-121.918838
61710,61986,33.843799,-118.313324,34.438155,-119.751005
61710,61987,33.843799,-118.313324,37.284189,-121.999331
61710,61988,33.843799,-118.313324,34.111868,-118.149849
61710,61989,33.843799,-118.313324,37.647933,-122.406006
61710,61990,33.843799,-118.313324,39.324902,-120.223537
61710,62002,33.843799,-118.313324,33.889394,-118.360962
61710,62011,33.843799,-118.313324,37.771711,-121.971556
61710,62013,33.843799,-118.313324,37.405137,-122.067089
61710,62015,33.843799,-118.313324,37.761532,-122.204613
61710,62017,33.843799,-118.313324,33.519722,-117.66697
61710,62018,33.843799,-118.313324,34.025325,-118.469612
61710,62022,33.843799,-118.313324,34.166383,-118.605407
61710,64018,33.843799,-118.313324,38.569427,-121.521377
61710,88307,33.843799,-118.313324,37.780625,-122.394922
61710,88308,33.843799,-118.313324,37.740188,-122.423654
61710,88310,33.843799,-118.313324,37.773345,-122.408478
61710,88315,33.843799,-118.313324,37.809238,-122.255662
61710,88318,33.843799,-118.313324,38.573852,-121.382464
61710,88320,33.843799,-118.313324,38.679592,-121.320589
61710,121860,33.843799,-118.313324,37.83421674,-122.2815383
61710,122225,33.843799,-118.313324,33.406218,-111.99245
61710,153941,33.843799,-118.313324,34.001326,-117.830482
61710,153942,33.843799,-118.313324,33.70336,-117.926877
61950,61967,37.418914,-122.133104,33.855862,-117.837744
61950,61968,37.418914,-122.133104,34.076363,-118.358673
61950,61970,37.418914,-122.133104,34.0621924,-118.1736142
61950,61972,37.418914,-122.133104,37.271941,-121.954643
61950,61973,37.418914,-122.133104,36.25298,-120.239432
61950,61974,37.418914,-122.133104,33.648692,-117.918614
61950,61975,37.418914,-122.133104,37.666686,-122.106352
61950,61976,37.418914,-122.133104,34.200017,-118.191164
61950,61977,37.418914,-122.133104,37.52217,-121.968501
61950,61978,37.418914,-122.133104,33.661543,-117.668467
61950,61979,37.418914,-122.133104,33.819222,-118.189733
61950,61980,37.418914,-122.133104,34.101336,-118.314034
61950,61981,37.418914,-122.133104,33.963119,-118.421458
61950,61982,37.418914,-122.133104,37.888823,-122.5179817
61950,61983,37.418914,-122.133104,34.168683,-118.835986
61950,61985,37.418914,-122.133104,37.37326,-121.918838
61950,61986,37.418914,-122.133104,34.438155,-119.751005
61950,61987,37.418914,-122.133104,37.284189,-121.999331
61950,61988,37.418914,-122.133104,34.111868,-118.149849
61950,61989,37.418914,-122.133104,37.647933,-122.406006
61950,61990,37.418914,-122.133104,39.324902,-120.223537
61950,62002,37.418914,-122.133104,33.889394,-118.360962
61950,62011,37.418914,-122.133104,37.771711,-121.971556
61950,62013,37.418914,-122.133104,37.405137,-122.067089
61950,62015,37.418914,-122.133104,37.761532,-122.204613
61950,62017,37.418914,-122.133104,33.519722,-117.66697
61950,62018,37.418914,-122.133104,34.025325,-118.469612
61950,62022,37.418914,-122.133104,34.166383,-118.605407
61950,64018,37.418914,-122.133104,38.569427,-121.521377
61950,88307,37.418914,-122.133104,37.780625,-122.394922
61950,88308,37.418914,-122.133104,37.740188,-122.423654
61950,88310,37.418914,-122.133104,37.773345,-122.408478
61950,88315,37.418914,-122.133104,37.809238,-122.255662
61950,88318,37.418914,-122.133104,38.573852,-121.382464
61950,88320,37.418914,-122.133104,38.679592,-121.320589
61950,121860,37.418914,-122.133104,37.83421674,-122.2815383
61950,153941,37.418914,-122.133104,34.001326,-117.830482
61950,153942,37.418914,-122.133104,33.70336,-117.926877
61967,61968,33.855862,-117.837744,34.076363,-118.358673
61967,61970,33.855862,-117.837744,34.0621924,-118.1736142
61967,61972,33.855862,-117.837744,37.271941,-121.954643
61967,61973,33.855862,-117.837744,36.25298,-120.239432
61967,61974,33.855862,-117.837744,33.648692,-117.918614
61967,61975,33.855862,-117.837744,37.666686,-122.106352
61967,61976,33.855862,-117.837744,34.200017,-118.191164
61967,61977,33.855862,-117.837744,37.52217,-121.968501
61967,61978,33.855862,-117.837744,33.661543,-117.668467
61967,61979,33.855862,-117.837744,33.819222,-118.189733
61967,61980,33.855862,-117.837744,34.101336,-118.314034
61967,61981,33.855862,-117.837744,33.963119,-118.421458
61967,61982,33.855862,-117.837744,37.888823,-122.5179817
61967,61983,33.855862,-117.837744,34.168683,-118.835986
61967,61984,33.855862,-117.837744,32.933578,-117.240016
61967,61985,33.855862,-117.837744,37.37326,-121.918838
61967,61986,33.855862,-117.837744,34.438155,-119.751005
61967,61987,33.855862,-117.837744,37.284189,-121.999331
61967,61988,33.855862,-117.837744,34.111868,-118.149849
61967,61989,33.855862,-117.837744,37.647933,-122.406006
61967,61990,33.855862,-117.837744,39.324902,-120.223537
61967,62002,33.855862,-117.837744,33.889394,-118.360962
61967,62011,33.855862,-117.837744,37.771711,-121.971556
61967,62013,33.855862,-117.837744,37.405137,-122.067089
61967,62015,33.855862,-117.837744,37.761532,-122.204613
61967,62017,33.855862,-117.837744,33.519722,-117.66697
61967,62018,33.855862,-117.837744,34.025325,-118.469612
61967,62022,33.855862,-117.837744,34.166383,-118.605407
61967,64018,33.855862,-117.837744,38.569427,-121.521377
61967,88307,33.855862,-117.837744,37.780625,-122.394922
61967,88308,33.855862,-117.837744,37.740188,-122.423654
61967,88310,33.855862,-117.837744,37.773345,-122.408478
61967,88315,33.855862,-117.837744,37.809238,-122.255662
61967,88318,33.855862,-117.837744,38.573852,-121.382464
61967,88320,33.855862,-117.837744,38.679592,-121.320589
61967,121860,33.855862,-117.837744,37.83421674,-122.2815383
61967,122225,33.855862,-117.837744,33.406218,-111.99245
61967,153941,33.855862,-117.837744,34.001326,-117.830482
61967,153942,33.855862,-117.837744,33.70336,-117.926877
61968,61970,34.076363,-118.358673,34.0621924,-118.1736142
61968,61972,34.076363,-118.358673,37.271941,-121.954643
61968,61973,34.076363,-118.358673,36.25298,-120.239432
61968,61974,34.076363,-118.358673,33.648692,-117.918614
61968,61975,34.076363,-118.358673,37.666686,-122.106352
61968,61976,34.076363,-118.358673,34.200017,-118.191164
61968,61977,34.076363,-118.358673,37.52217,-121.968501
61968,61978,34.076363,-118.358673,33.661543,-117.668467
61968,61979,34.076363,-118.358673,33.819222,-118.189733
61968,61980,34.076363,-118.358673,34.101336,-118.314034
61968,61981,34.076363,-118.358673,33.963119,-118.421458
61968,61982,34.076363,-118.358673,37.888823,-122.5179817
61968,61983,34.076363,-118.358673,34.168683,-118.835986
61968,61984,34.076363,-118.358673,32.933578,-117.240016
61968,61985,34.076363,-118.358673,37.37326,-121.918838
61968,61986,34.076363,-118.358673,34.438155,-119.751005
61968,61987,34.076363,-118.358673,37.284189,-121.999331
61968,61988,34.076363,-118.358673,34.111868,-118.149849
61968,61989,34.076363,-118.358673,37.647933,-122.406006
61968,61990,34.076363,-118.358673,39.324902,-120.223537
61968,62002,34.076363,-118.358673,33.889394,-118.360962
61968,62011,34.076363,-118.358673,37.771711,-121.971556
61968,62013,34.076363,-118.358673,37.405137,-122.067089
61968,62015,34.076363,-118.358673,37.761532,-122.204613
61968,62017,34.076363,-118.358673,33.519722,-117.66697
61968,62018,34.076363,-118.358673,34.025325,-118.469612
61968,62022,34.076363,-118.358673,34.166383,-118.605407
61968,64018,34.076363,-118.358673,38.569427,-121.521377
61968,88307,34.076363,-118.358673,37.780625,-122.394922
61968,88308,34.076363,-118.358673,37.740188,-122.423654
61968,88310,34.076363,-118.358673,37.773345,-122.408478
61968,88315,34.076363,-118.358673,37.809238,-122.255662
61968,88318,34.076363,-118.358673,38.573852,-121.382464
61968,88320,34.076363,-118.358673,38.679592,-121.320589
61968,121860,34.076363,-118.358673,37.83421674,-122.2815383
61968,122225,34.076363,-118.358673,33.406218,-111.99245
61968,153941,34.076363,-118.358673,34.001326,-117.830482
61968,153942,34.076363,-118.358673,33.70336,-117.926877
61970,61972,34.0621924,-118.1736142,37.271941,-121.954643
61970,61973,34.0621924,-118.1736142,36.25298,-120.239432
61970,61974,34.0621924,-118.1736142,33.648692,-117.918614
61970,61975,34.0621924,-118.1736142,37.666686,-122.106352
61970,61976,34.0621924,-118.1736142,34.200017,-118.191164
61970,61977,34.0621924,-118.1736142,37.52217,-121.968501
61970,61978,34.0621924,-118.1736142,33.661543,-117.668467
61970,61979,34.0621924,-118.1736142,33.819222,-118.189733
61970,61980,34.0621924,-118.1736142,34.101336,-118.314034
61970,61981,34.0621924,-118.1736142,33.963119,-118.421458
61970,61982,34.0621924,-118.1736142,37.888823,-122.5179817
61970,61983,34.0621924,-118.1736142,34.168683,-118.835986
61970,61984,34.0621924,-118.1736142,32.933578,-117.240016
61970,61985,34.0621924,-118.1736142,37.37326,-121.918838
61970,61986,34.0621924,-118.1736142,34.438155,-119.751005
61970,61987,34.0621924,-118.1736142,37.284189,-121.999331
61970,61988,34.0621924,-118.1736142,34.111868,-118.149849
61970,61989,34.0621924,-118.1736142,37.647933,-122.406006
61970,61990,34.0621924,-118.1736142,39.324902,-120.223537
61970,62002,34.0621924,-118.1736142,33.889394,-118.360962
61970,62011,34.0621924,-118.1736142,37.771711,-121.971556
61970,62013,34.0621924,-118.1736142,37.405137,-122.067089
61970,62015,34.0621924,-118.1736142,37.761532,-122.204613
61970,62017,34.0621924,-118.1736142,33.519722,-117.66697
61970,62018,34.0621924,-118.1736142,34.025325,-118.469612
61970,62022,34.0621924,-118.1736142,34.166383,-118.605407
61970,64018,34.0621924,-118.1736142,38.569427,-121.521377
61970,88307,34.0621924,-118.1736142,37.780625,-122.394922
61970,88308,34.0621924,-118.1736142,37.740188,-122.423654
61970,88310,34.0621924,-118.1736142,37.773345,-122.408478
61970,88315,34.0621924,-118.1736142,37.809238,-122.255662
61970,88318,34.0621924,-118.1736142,38.573852,-121.382464
61970,88320,34.0621924,-118.1736142,38.679592,-121.320589
61970,121860,34.0621924,-118.1736142,37.83421674,-122.2815383
61970,122225,34.0621924,-118.1736142,33.406218,-111.99245
61970,153941,34.0621924,-118.1736142,34.001326,-117.830482
61970,153942,34.0621924,-118.1736142,33.70336,-117.926877
61972,61973,37.271941,-121.954643,36.25298,-120.239432
61972,61974,37.271941,-121.954643,33.648692,-117.918614
61972,61975,37.271941,-121.954643,37.666686,-122.106352
61972,61976,37.271941,-121.954643,34.200017,-118.191164
61972,61977,37.271941,-121.954643,37.52217,-121.968501
61972,61978,37.271941,-121.954643,33.661543,-117.668467
61972,61979,37.271941,-121.954643,33.819222,-118.189733
61972,61980,37.271941,-121.954643,34.101336,-118.314034
61972,61981,37.271941,-121.954643,33.963119,-118.421458
61972,61982,37.271941,-121.954643,37.888823,-122.5179817
61972,61983,37.271941,-121.954643,34.168683,-118.835986
61972,61985,37.271941,-121.954643,37.37326,-121.918838
61972,61986,37.271941,-121.954643,34.438155,-119.751005
61972,61987,37.271941,-121.954643,37.284189,-121.999331
61972,61988,37.271941,-121.954643,34.111868,-118.149849
61972,61989,37.271941,-121.954643,37.647933,-122.406006
61972,61990,37.271941,-121.954643,39.324902,-120.223537
61972,62002,37.271941,-121.954643,33.889394,-118.360962
61972,62011,37.271941,-121.954643,37.771711,-121.971556
61972,62013,37.271941,-121.954643,37.405137,-122.067089
61972,62015,37.271941,-121.954643,37.761532,-122.204613
61972,62017,37.271941,-121.954643,33.519722,-117.66697
61972,62018,37.271941,-121.954643,34.025325,-118.469612
61972,62022,37.271941,-121.954643,34.166383,-118.605407
61972,64018,37.271941,-121.954643,38.569427,-121.521377
61972,88307,37.271941,-121.954643,37.780625,-122.394922
61972,88308,37.271941,-121.954643,37.740188,-122.423654
61972,88310,37.271941,-121.954643,37.773345,-122.408478
61972,88315,37.271941,-121.954643,37.809238,-122.255662
61972,88318,37.271941,-121.954643,38.573852,-121.382464
61972,88320,37.271941,-121.954643,38.679592,-121.320589
61972,121860,37.271941,-121.954643,37.83421674,-122.2815383
61972,153941,37.271941,-121.954643,34.001326,-117.830482
61972,153942,37.271941,-121.954643,33.70336,-117.926877
61973,61974,36.25298,-120.239432,33.648692,-117.918614
61973,61975,36.25298,-120.239432,37.666686,-122.106352
61973,61976,36.25298,-120.239432,34.200017,-118.191164
61973,61977,36.25298,-120.239432,37.52217,-121.968501
61973,61978,36.25298,-120.239432,33.661543,-117.668467
61973,61979,36.25298,-120.239432,33.819222,-118.189733
61973,61980,36.25298,-120.239432,34.101336,-118.314034
61973,61981,36.25298,-120.239432,33.963119,-118.421458
61973,61982,36.25298,-120.239432,37.888823,-122.5179817
61973,61983,36.25298,-120.239432,34.168683,-118.835986
61973,61984,36.25298,-120.239432,32.933578,-117.240016
61973,61985,36.25298,-120.239432,37.37326,-121.918838
61973,61986,36.25298,-120.239432,34.438155,-119.751005
61973,61987,36.25298,-120.239432,37.284189,-121.999331
61973,61988,36.25298,-120.239432,34.111868,-118.149849
61973,61989,36.25298,-120.239432,37.647933,-122.406006
61973,61990,36.25298,-120.239432,39.324902,-120.223537
61973,62002,36.25298,-120.239432,33.889394,-118.360962
61973,62011,36.25298,-120.239432,37.771711,-121.971556
61973,62013,36.25298,-120.239432,37.405137,-122.067089
61973,62015,36.25298,-120.239432,37.761532,-122.204613
61973,62017,36.25298,-120.239432,33.519722,-117.66697
61973,62018,36.25298,-120.239432,34.025325,-118.469612
61973,62022,36.25298,-120.239432,34.166383,-118.605407
61973,64018,36.25298,-120.239432,38.569427,-121.521377
61973,88307,36.25298,-120.239432,37.780625,-122.394922
61973,88308,36.25298,-120.239432,37.740188,-122.423654
61973,88310,36.25298,-120.239432,37.773345,-122.408478
61973,88315,36.25298,-120.239432,37.809238,-122.255662
61973,88318,36.25298,-120.239432,38.573852,-121.382464
61973,88320,36.25298,-120.239432,38.679592,-121.320589
61973,121860,36.25298,-120.239432,37.83421674,-122.2815383
61973,153941,36.25298,-120.239432,34.001326,-117.830482
61973,153942,36.25298,-120.239432,33.70336,-117.926877
61974,61975,33.648692,-117.918614,37.666686,-122.106352
61974,61976,33.648692,-117.918614,34.200017,-118.191164
61974,61977,33.648692,-117.918614,37.52217,-121.968501
61974,61978,33.648692,-117.918614,33.661543,-117.668467
61974,61979,33.648692,-117.918614,33.819222,-118.189733
61974,61980,33.648692,-117.918614,34.101336,-118.314034
61974,61981,33.648692,-117.918614,33.963119,-118.421458
61974,61982,33.648692,-117.918614,37.888823,-122.5179817
61974,61983,33.648692,-117.918614,34.168683,-118.835986
61974,61984,33.648692,-117.918614,32.933578,-117.240016
61974,61985,33.648692,-117.918614,37.37326,-121.918838
61974,61986,33.648692,-117.918614,34.438155,-119.751005
61974,61987,33.648692,-117.918614,37.284189,-121.999331
61974,61988,33.648692,-117.918614,34.111868,-118.149849
61974,61989,33.648692,-117.918614,37.647933,-122.406006
61974,62002,33.648692,-117.918614,33.889394,-118.360962
61974,62011,33.648692,-117.918614,37.771711,-121.971556
61974,62013,33.648692,-117.918614,37.405137,-122.067089
61974,62015,33.648692,-117.918614,37.761532,-122.204613
61974,62017,33.648692,-117.918614,33.519722,-117.66697
61974,62018,33.648692,-117.918614,34.025325,-118.469612
61974,62022,33.648692,-117.918614,34.166383,-118.605407
61974,64018,33.648692,-117.918614,38.569427,-121.521377
61974,88307,33.648692,-117.918614,37.780625,-122.394922
61974,88308,33.648692,-117.918614,37.740188,-122.423654
61974,88310,33.648692,-117.918614,37.773345,-122.408478
61974,88315,33.648692,-117.918614,37.809238,-122.255662
61974,88318,33.648692,-117.918614,38.573852,-121.382464
61974,88320,33.648692,-117.918614,38.679592,-121.320589
61974,121860,33.648692,-117.918614,37.83421674,-122.2815383
61974,122225,33.648692,-117.918614,33.406218,-111.99245
61974,153941,33.648692,-117.918614,34.001326,-117.830482
61974,153942,33.648692,-117.918614,33.70336,-117.926877
61975,61976,37.666686,-122.106352,34.200017,-118.191164
61975,61977,37.666686,-122.106352,37.52217,-121.968501
61975,61978,37.666686,-122.106352,33.661543,-117.668467
61975,61979,37.666686,-122.106352,33.819222,-118.189733
61975,61980,37.666686,-122.106352,34.101336,-118.314034
61975,61981,37.666686,-122.106352,33.963119,-118.421458
61975,61982,37.666686,-122.106352,37.888823,-122.5179817
61975,61983,37.666686,-122.106352,34.168683,-118.835986
61975,61985,37.666686,-122.106352,37.37326,-121.918838
61975,61986,37.666686,-122.106352,34.438155,-119.751005
61975,61987,37.666686,-122.106352,37.284189,-121.999331
61975,61988,37.666686,-122.106352,34.111868,-118.149849
61975,61989,37.666686,-122.106352,37.647933,-122.406006
61975,61990,37.666686,-122.106352,39.324902,-120.223537
61975,62002,37.666686,-122.106352,33.889394,-118.360962
61975,62011,37.666686,-122.106352,37.771711,-121.971556
61975,62013,37.666686,-122.106352,37.405137,-122.067089
61975,62015,37.666686,-122.106352,37.761532,-122.204613
61975,62017,37.666686,-122.106352,33.519722,-117.66697
61975,62018,37.666686,-122.106352,34.025325,-118.469612
61975,62022,37.666686,-122.106352,34.166383,-118.605407
61975,64018,37.666686,-122.106352,38.569427,-121.521377
61975,88307,37.666686,-122.106352,37.780625,-122.394922
61975,88308,37.666686,-122.106352,37.740188,-122.423654
61975,88310,37.666686,-122.106352,37.773345,-122.408478
61975,88315,37.666686,-122.106352,37.809238,-122.255662
61975,88318,37.666686,-122.106352,38.573852,-121.382464
61975,88320,37.666686,-122.106352,38.679592,-121.320589
61975,121860,37.666686,-122.106352,37.83421674,-122.2815383
61975,153941,37.666686,-122.106352,34.001326,-117.830482
61975,153942,37.666686,-122.106352,33.70336,-117.926877
61976,61977,34.200017,-118.191164,37.52217,-121.968501
61976,61978,34.200017,-118.191164,33.661543,-117.668467
61976,61979,34.200017,-118.191164,33.819222,-118.189733
61976,61980,34.200017,-118.191164,34.101336,-118.314034
61976,61981,34.200017,-118.191164,33.963119,-118.421458
61976,61982,34.200017,-118.191164,37.888823,-122.5179817
61976,61983,34.200017,-118.191164,34.168683,-118.835986
61976,61984,34.200017,-118.191164,32.933578,-117.240016
61976,61985,34.200017,-118.191164,37.37326,-121.918838
61976,61986,34.200017,-118.191164,34.438155,-119.751005
61976,61987,34.200017,-118.191164,37.284189,-121.999331
61976,61988,34.200017,-118.191164,34.111868,-118.149849
61976,61989,34.200017,-118.191164,37.647933,-122.406006
61976,61990,34.200017,-118.191164,39.324902,-120.223537
61976,62002,34.200017,-118.191164,33.889394,-118.360962
61976,62011,34.200017,-118.191164,37.771711,-121.971556
61976,62013,34.200017,-118.191164,37.405137,-122.067089
61976,62015,34.200017,-118.191164,37.761532,-122.204613
61976,62017,34.200017,-118.191164,33.519722,-117.66697
61976,62018,34.200017,-118.191164,34.025325,-118.469612
61976,62022,34.200017,-118.191164,34.166383,-118.605407
61976,64018,34.200017,-118.191164,38.569427,-121.521377
61976,88307,34.200017,-118.191164,37.780625,-122.394922
61976,88308,34.200017,-118.191164,37.740188,-122.423654
61976,88310,34.200017,-118.191164,37.773345,-122.408478
61976,88315,34.200017,-118.191164,37.809238,-122.255662
61976,88318,34.200017,-118.191164,38.573852,-121.382464
61976,88320,34.200017,-118.191164,38.679592,-121.320589
61976,121860,34.200017,-118.191164,37.83421674,-122.2815383
61976,122225,34.200017,-118.191164,33.406218,-111.99245
61976,153941,34.200017,-118.191164,34.001326,-117.830482
61976,153942,34.200017,-118.191164,33.70336,-117.926877
61977,61978,37.52217,-121.968501,33.661543,-117.668467
61977,61979,37.52217,-121.968501,33.819222,-118.189733
61977,61980,37.52217,-121.968501,34.101336,-118.314034
61977,61981,37.52217,-121.968501,33.963119,-118.421458
61977,61982,37.52217,-121.968501,37.888823,-122.5179817
61977,61983,37.52217,-121.968501,34.168683,-118.835986
61977,61985,37.52217,-121.968501,37.37326,-121.918838
61977,61986,37.52217,-121.968501,34.438155,-119.751005
61977,61987,37.52217,-121.968501,37.284189,-121.999331
61977,61988,37.52217,-121.968501,34.111868,-118.149849
61977,61989,37.52217,-121.968501,37.647933,-122.406006
61977,61990,37.52217,-121.968501,39.324902,-120.223537
61977,62002,37.52217,-121.968501,33.889394,-118.360962
61977,62011,37.52217,-121.968501,37.771711,-121.971556
61977,62013,37.52217,-121.968501,37.405137,-122.067089
61977,62015,37.52217,-121.968501,37.761532,-122.204613
61977,62017,37.52217,-121.968501,33.519722,-117.66697
61977,62018,37.52217,-121.968501,34.025325,-118.469612
61977,62022,37.52217,-121.968501,34.166383,-118.605407
61977,64018,37.52217,-121.968501,38.569427,-121.521377
61977,88307,37.52217,-121.968501,37.780625,-122.394922
61977,88308,37.52217,-121.968501,37.740188,-122.423654
61977,88310,37.52217,-121.968501,37.773345,-122.408478
61977,88315,37.52217,-121.968501,37.809238,-122.255662
61977,88318,37.52217,-121.968501,38.573852,-121.382464
61977,88320,37.52217,-121.968501,38.679592,-121.320589
61977,121860,37.52217,-121.968501,37.83421674,-122.2815383
61977,153941,37.52217,-121.968501,34.001326,-117.830482
61977,153942,37.52217,-121.968501,33.70336,-117.926877
61978,61979,33.661543,-117.668467,33.819222,-118.189733
61978,61980,33.661543,-117.668467,34.101336,-118.314034
61978,61981,33.661543,-117.668467,33.963119,-118.421458
61978,61982,33.661543,-117.668467,37.888823,-122.5179817
61978,61983,33.661543,-117.668467,34.168683,-118.835986
61978,61984,33.661543,-117.668467,32.933578,-117.240016
61978,61985,33.661543,-117.668467,37.37326,-121.918838
61978,61986,33.661543,-117.668467,34.438155,-119.751005
61978,61987,33.661543,-117.668467,37.284189,-121.999331
61978,61988,33.661543,-117.668467,34.111868,-118.149849
61978,61989,33.661543,-117.668467,37.647933,-122.406006
61978,62002,33.661543,-117.668467,33.889394,-118.360962
61978,62011,33.661543,-117.668467,37.771711,-121.971556
61978,62013,33.661543,-117.668467,37.405137,-122.067089
61978,62015,33.661543,-117.668467,37.761532,-122.204613
61978,62017,33.661543,-117.668467,33.519722,-117.66697
61978,62018,33.661543,-117.668467,34.025325,-118.469612
61978,62022,33.661543,-117.668467,34.166383,-118.605407
61978,88307,33.661543,-117.668467,37.780625,-122.394922
61978,88308,33.661543,-117.668467,37.740188,-122.423654
61978,88310,33.661543,-117.668467,37.773345,-122.408478
61978,88315,33.661543,-117.668467,37.809238,-122.255662
61978,88318,33.661543,-117.668467,38.573852,-121.382464
61978,121860,33.661543,-117.668467,37.83421674,-122.2815383
61978,122225,33.661543,-117.668467,33.406218,-111.99245
61978,153941,33.661543,-117.668467,34.001326,-117.830482
61978,153942,33.661543,-117.668467,33.70336,-117.926877
61979,61980,33.819222,-118.189733,34.101336,-118.314034
61979,61981,33.819222,-118.189733,33.963119,-118.421458
61979,61982,33.819222,-118.189733,37.888823,-122.5179817
61979,61983,33.819222,-118.189733,34.168683,-118.835986
61979,61984,33.819222,-118.189733,32.933578,-117.240016
61979,61985,33.819222,-118.189733,37.37326,-121.918838
61979,61986,33.819222,-118.189733,34.438155,-119.751005
61979,61987,33.819222,-118.189733,37.284189,-121.999331
61979,61988,33.819222,-118.189733,34.111868,-118.149849
61979,61989,33.819222,-118.189733,37.647933,-122.406006
61979,61990,33.819222,-118.189733,39.324902,-120.223537
61979,62002,33.819222,-118.189733,33.889394,-118.360962
61979,62011,33.819222,-118.189733,37.771711,-121.971556
61979,62013,33.819222,-118.189733,37.405137,-122.067089
61979,62015,33.819222,-118.189733,37.761532,-122.204613
61979,62017,33.819222,-118.189733,33.519722,-117.66697
61979,62018,33.819222,-118.189733,34.025325,-118.469612
61979,62022,33.819222,-118.189733,34.166383,-118.605407
61979,64018,33.819222,-118.189733,38.569427,-121.521377
61979,88307,33.819222,-118.189733,37.780625,-122.394922
61979,88308,33.819222,-118.189733,37.740188,-122.423654
61979,88310,33.819222,-118.189733,37.773345,-122.408478
61979,88315,33.819222,-118.189733,37.809238,-122.255662
61979,88318,33.819222,-118.189733,38.573852,-121.382464
61979,88320,33.819222,-118.189733,38.679592,-121.320589
61979,121860,33.819222,-118.189733,37.83421674,-122.2815383
61979,122225,33.819222,-118.189733,33.406218,-111.99245
61979,153941,33.819222,-118.189733,34.001326,-117.830482
61979,153942,33.819222,-118.189733,33.70336,-117.926877
61980,61981,34.101336,-118.314034,33.963119,-118.421458
61980,61982,34.101336,-118.314034,37.888823,-122.5179817
61980,61983,34.101336,-118.314034,34.168683,-118.835986
61980,61984,34.101336,-118.314034,32.933578,-117.240016
61980,61985,34.101336,-118.314034,37.37326,-121.918838
61980,61986,34.101336,-118.314034,34.438155,-119.751005
61980,61987,34.101336,-118.314034,37.284189,-121.999331
61980,61988,34.101336,-118.314034,34.111868,-118.149849
61980,61989,34.101336,-118.314034,37.647933,-122.406006
61980,61990,34.101336,-118.314034,39.324902,-120.223537
61980,62002,34.101336,-118.314034,33.889394,-118.360962
61980,62011,34.101336,-118.314034,37.771711,-121.971556
61980,62013,34.101336,-118.314034,37.405137,-122.067089
61980,62015,34.101336,-118.314034,37.761532,-122.204613
61980,62017,34.101336,-118.314034,33.519722,-117.66697
61980,62018,34.101336,-118.314034,34.025325,-118.469612
61980,62022,34.101336,-118.314034,34.166383,-118.605407
61980,64018,34.101336,-118.314034,38.569427,-121.521377
61980,88307,34.101336,-118.314034,37.780625,-122.394922
61980,88308,34.101336,-118.314034,37.740188,-122.423654
61980,88310,34.101336,-118.314034,37.773345,-122.408478
61980,88315,34.101336,-118.314034,37.809238,-122.255662
61980,88318,34.101336,-118.314034,38.573852,-121.382464
61980,88320,34.101336,-118.314034,38.679592,-121.320589
61980,121860,34.101336,-118.314034,37.83421674,-122.2815383
61980,122225,34.101336,-118.314034,33.406218,-111.99245
61980,153941,34.101336,-118.314034,34.001326,-117.830482
61980,153942,34.101336,-118.314034,33.70336,-117.926877
61981,61982,33.963119,-118.421458,37.888823,-122.5179817
61981,61983,33.963119,-118.421458,34.168683,-118.835986
61981,61984,33.963119,-118.421458,32.933578,-117.240016
61981,61985,33.963119,-118.421458,37.37326,-121.918838
61981,61986,33.963119,-118.421458,34.438155,-119.751005
61981,61987,33.963119,-118.421458,37.284189,-121.999331
61981,61988,33.963119,-118.421458,34.111868,-118.149849
61981,61989,33.963119,-118.421458,37.647933,-122.406006
61981,61990,33.963119,-118.421458,39.324902,-120.223537
61981,62002,33.963119,-118.421458,33.889394,-118.360962
61981,62011,33.963119,-118.421458,37.771711,-121.971556
61981,62013,33.963119,-118.421458,37.405137,-122.067089
61981,62015,33.963119,-118.421458,37.761532,-122.204613
61981,62017,33.963119,-118.421458,33.519722,-117.66697
61981,62018,33.963119,-118.421458,34.025325,-118.469612
61981,62022,33.963119,-118.421458,34.166383,-118.605407
61981,64018,33.963119,-118.421458,38.569427,-121.521377
61981,88307,33.963119,-118.421458,37.780625,-122.394922
61981,88308,33.963119,-118.421458,37.740188,-122.423654
61981,88310,33.963119,-118.421458,37.773345,-122.408478
61981,88315,33.963119,-118.421458,37.809238,-122.255662
61981,88318,33.963119,-118.421458,38.573852,-121.382464
61981,88320,33.963119,-118.421458,38.679592,-121.320589
61981,121860,33.963119,-118.421458,37.83421674,-122.2815383
61981,122225,33.963119,-118.421458,33.406218,-111.99245
61981,153941,33.963119,-118.421458,34.001326,-117.830482
61981,153942,33.963119,-118.421458,33.70336,-117.926877
61982,61983,37.888823,-122.5179817,34.168683,-118.835986
61982,61985,37.888823,-122.5179817,37.37326,-121.918838
61982,61986,37.888823,-122.5179817,34.438155,-119.751005
61982,61987,37.888823,-122.5179817,37.284189,-121.999331
61982,61988,37.888823,-122.5179817,34.111868,-118.149849
61982,61989,37.888823,-122.5179817,37.647933,-122.406006
61982,61990,37.888823,-122.5179817,39.324902,-120.223537
61982,62002,37.888823,-122.5179817,33.889394,-118.360962
61982,62011,37.888823,-122.5179817,37.771711,-121.971556
61982,62013,37.888823,-122.5179817,37.405137,-122.067089
61982,62015,37.888823,-122.5179817,37.761532,-122.204613
61982,62018,37.888823,-122.5179817,34.025325,-118.469612
61982,62022,37.888823,-122.5179817,34.166383,-118.605407
61982,64018,37.888823,-122.5179817,38.569427,-121.521377
61982,88307,37.888823,-122.5179817,37.780625,-122.394922
61982,88308,37.888823,-122.5179817,37.740188,-122.423654
61982,88310,37.888823,-122.5179817,37.773345,-122.408478
61982,88315,37.888823,-122.5179817,37.809238,-122.255662
61982,88318,37.888823,-122.5179817,38.573852,-121.382464
61982,88320,37.888823,-122.5179817,38.679592,-121.320589
61982,121860,37.888823,-122.5179817,37.83421674,-122.2815383
61982,153941,37.888823,-122.5179817,34.001326,-117.830482
61982,153942,37.888823,-122.5179817,33.70336,-117.926877
61983,61984,34.168683,-118.835986,32.933578,-117.240016
61983,61985,34.168683,-118.835986,37.37326,-121.918838
61983,61986,34.168683,-118.835986,34.438155,-119.751005
61983,61987,34.168683,-118.835986,37.284189,-121.999331
61983,61988,34.168683,-118.835986,34.111868,-118.149849
61983,61989,34.168683,-118.835986,37.647933,-122.406006
61983,61990,34.168683,-118.835986,39.324902,-120.223537
61983,62002,34.168683,-118.835986,33.889394,-118.360962
61983,62011,34.168683,-118.835986,37.771711,-121.971556
61983,62013,34.168683,-118.835986,37.405137,-122.067089
61983,62015,34.168683,-118.835986,37.761532,-122.204613
61983,62017,34.168683,-118.835986,33.519722,-117.66697
61983,62018,34.168683,-118.835986,34.025325,-118.469612
61983,62022,34.168683,-118.835986,34.166383,-118.605407
61983,64018,34.168683,-118.835986,38.569427,-121.521377
61983,88307,34.168683,-118.835986,37.780625,-122.394922
61983,88308,34.168683,-118.835986,37.740188,-122.423654
61983,88310,34.168683,-118.835986,37.773345,-122.408478
61983,88315,34.168683,-118.835986,37.809238,-122.255662
61983,88318,34.168683,-118.835986,38.573852,-121.382464
61983,88320,34.168683,-118.835986,38.679592,-121.320589
61983,121860,34.168683,-118.835986,37.83421674,-122.2815383
61983,122225,34.168683,-118.835986,33.406218,-111.99245
61983,153941,34.168683,-118.835986,34.001326,-117.830482
61983,153942,34.168683,-118.835986,33.70336,-117.926877
61984,61986,32.933578,-117.240016,34.438155,-119.751005
61984,61988,32.933578,-117.240016,34.111868,-118.149849
61984,62002,32.933578,-117.240016,33.889394,-118.360962
61984,62017,32.933578,-117.240016,33.519722,-117.66697
61984,62018,32.933578,-117.240016,34.025325,-118.469612
61984,62022,32.933578,-117.240016,34.166383,-118.605407
61984,122225,32.933578,-117.240016,33.406218,-111.99245
61984,153941,32.933578,-117.240016,34.001326,-117.830482
61984,153942,32.933578,-117.240016,33.70336,-117.926877
61985,61986,37.37326,-121.918838,34.438155,-119.751005
61985,61987,37.37326,-121.918838,37.284189,-121.999331
61985,61988,37.37326,-121.918838,34.111868,-118.149849
61985,61989,37.37326,-121.918838,37.647933,-122.406006
61985,61990,37.37326,-121.918838,39.324902,-120.223537
61985,62002,37.37326,-121.918838,33.889394,-118.360962
61985,62011,37.37326,-121.918838,37.771711,-121.971556
61985,62013,37.37326,-121.918838,37.405137,-122.067089
61985,62015,37.37326,-121.918838,37.761532,-122.204613
61985,62017,37.37326,-121.918838,33.519722,-117.66697
61985,62018,37.37326,-121.918838,34.025325,-118.469612
61985,62022,37.37326,-121.918838,34.166383,-118.605407
61985,64018,37.37326,-121.918838,38.569427,-121.521377
61985,88307,37.37326,-121.918838,37.780625,-122.394922
61985,88308,37.37326,-121.918838,37.740188,-122.423654
61985,88310,37.37326,-121.918838,37.773345,-122.408478
61985,88315,37.37326,-121.918838,37.809238,-122.255662
61985,88318,37.37326,-121.918838,38.573852,-121.382464
61985,88320,37.37326,-121.918838,38.679592,-121.320589
61985,121860,37.37326,-121.918838,37.83421674,-122.2815383
61985,153941,37.37326,-121.918838,34.001326,-117.830482
61985,153942,37.37326,-121.918838,33.70336,-117.926877
61986,61987,34.438155,-119.751005,37.284189,-121.999331
61986,61988,34.438155,-119.751005,34.111868,-118.149849
61986,61989,34.438155,-119.751005,37.647933,-122.406006
61986,61990,34.438155,-119.751005,39.324902,-120.223537
61986,62002,34.438155,-119.751005,33.889394,-118.360962
61986,62011,34.438155,-119.751005,37.771711,-121.971556
61986,62013,34.438155,-119.751005,37.405137,-122.067089
61986,62015,34.438155,-119.751005,37.761532,-122.204613
61986,62017,34.438155,-119.751005,33.519722,-117.66697
61986,62018,34.438155,-119.751005,34.025325,-118.469612
61986,62022,34.438155,-119.751005,34.166383,-118.605407
61986,64018,34.438155,-119.751005,38.569427,-121.521377
61986,88307,34.438155,-119.751005,37.780625,-122.394922
61986,88308,34.438155,-119.751005,37.740188,-122.423654
61986,88310,34.438155,-119.751005,37.773345,-122.408478
61986,88315,34.438155,-119.751005,37.809238,-122.255662
61986,88318,34.438155,-119.751005,38.573852,-121.382464
61986,88320,34.438155,-119.751005,38.679592,-121.320589
61986,121860,34.438155,-119.751005,37.83421674,-122.2815383
61986,153941,34.438155,-119.751005,34.001326,-117.830482
61986,153942,34.438155,-119.751005,33.70336,-117.926877
61987,61988,37.284189,-121.999331,34.111868,-118.149849
61987,61989,37.284189,-121.999331,37.647933,-122.406006
61987,61990,37.284189,-121.999331,39.324902,-120.223537
61987,62002,37.284189,-121.999331,33.889394,-118.360962
61987,62011,37.284189,-121.999331,37.771711,-121.971556
61987,62013,37.284189,-121.999331,37.405137,-122.067089
61987,62015,37.284189,-121.999331,37.761532,-122.204613
61987,62017,37.284189,-121.999331,33.519722,-117.66697
61987,62018,37.284189,-121.999331,34.025325,-118.469612
61987,62022,37.284189,-121.999331,34.166383,-118.605407
61987,64018,37.284189,-121.999331,38.569427,-121.521377
61987,88307,37.284189,-121.999331,37.780625,-122.394922
61987,88308,37.284189,-121.999331,37.740188,-122.423654
61987,88310,37.284189,-121.999331,37.773345,-122.408478
61987,88315,37.284189,-121.999331,37.809238,-122.255662
61987,88318,37.284189,-121.999331,38.573852,-121.382464
61987,88320,37.284189,-121.999331,38.679592,-121.320589
61987,121860,37.284189,-121.999331,37.83421674,-122.2815383
61987,153941,37.284189,-121.999331,34.001326,-117.830482
61987,153942,37.284189,-121.999331,33.70336,-117.926877
61988,61989,34.111868,-118.149849,37.647933,-122.406006
61988,61990,34.111868,-118.149849,39.324902,-120.223537
61988,62002,34.111868,-118.149849,33.889394,-118.360962
61988,62011,34.111868,-118.149849,37.771711,-121.971556
61988,62013,34.111868,-118.149849,37.405137,-122.067089
61988,62015,34.111868,-118.149849,37.761532,-122.204613
61988,62017,34.111868,-118.149849,33.519722,-117.66697
61988,62018,34.111868,-118.149849,34.025325,-118.469612
61988,62022,34.111868,-118.149849,34.166383,-118.605407
61988,64018,34.111868,-118.149849,38.569427,-121.521377
61988,88307,34.111868,-118.149849,37.780625,-122.394922
61988,88308,34.111868,-118.149849,37.740188,-122.423654
61988,88310,34.111868,-118.149849,37.773345,-122.408478
61988,88315,34.111868,-118.149849,37.809238,-122.255662
61988,88318,34.111868,-118.149849,38.573852,-121.382464
61988,88320,34.111868,-118.149849,38.679592,-121.320589
61988,121860,34.111868,-118.149849,37.83421674,-122.2815383
61988,122225,34.111868,-118.149849,33.406218,-111.99245
61988,153941,34.111868,-118.149849,34.001326,-117.830482
61988,153942,34.111868,-118.149849,33.70336,-117.926877
61989,61990,37.647933,-122.406006,39.324902,-120.223537
61989,62002,37.647933,-122.406006,33.889394,-118.360962
61989,62011,37.647933,-122.406006,37.771711,-121.971556
61989,62013,37.647933,-122.406006,37.405137,-122.067089
61989,62015,37.647933,-122.406006,37.761532,-122.204613
61989,62017,37.647933,-122.406006,33.519722,-117.66697
61989,62018,37.647933,-122.406006,34.025325,-118.469612
61989,62022,37.647933,-122.406006,34.166383,-118.605407
61989,64018,37.647933,-122.406006,38.569427,-121.521377
61989,88307,37.647933,-122.406006,37.780625,-122.394922
61989,88308,37.647933,-122.406006,37.740188,-122.423654
61989,88310,37.647933,-122.406006,37.773345,-122.408478
61989,88315,37.647933,-122.406006,37.809238,-122.255662
61989,88318,37.647933,-122.406006,38.573852,-121.382464
61989,88320,37.647933,-122.406006,38.679592,-121.320589
61989,121860,37.647933,-122.406006,37.83421674,-122.2815383
61989,153941,37.647933,-122.406006,34.001326,-117.830482
61989,153942,37.647933,-122.406006,33.70336,-117.926877
61990,62002,39.324902,-120.223537,33.889394,-118.360962
61990,62011,39.324902,-120.223537,37.771711,-121.971556
61990,62013,39.324902,-120.223537,37.405137,-122.067089
61990,62015,39.324902,-120.223537,37.761532,-122.204613
61990,62018,39.324902,-120.223537,34.025325,-118.469612
61990,62022,39.324902,-120.223537,34.166383,-118.605407
61990,64018,39.324902,-120.223537,38.569427,-121.521377
61990,88307,39.324902,-120.223537,37.780625,-122.394922
61990,88308,39.324902,-120.223537,37.740188,-122.423654
61990,88310,39.324902,-120.223537,37.773345,-122.408478
61990,88315,39.324902,-120.223537,37.809238,-122.255662
61990,88318,39.324902,-120.223537,38.573852,-121.382464
61990,88320,39.324902,-120.223537,38.679592,-121.320589
61990,121860,39.324902,-120.223537,37.83421674,-122.2815383
61990,153941,39.324902,-120.223537,34.001326,-117.830482
62002,62011,33.889394,-118.360962,37.771711,-121.971556
62002,62013,33.889394,-118.360962,37.405137,-122.067089
62002,62015,33.889394,-118.360962,37.761532,-122.204613
62002,62017,33.889394,-118.360962,33.519722,-117.66697
62002,62018,33.889394,-118.360962,34.025325,-118.469612
62002,62022,33.889394,-118.360962,34.166383,-118.605407
62002,64018,33.889394,-118.360962,38.569427,-121.521377
62002,88307,33.889394,-118.360962,37.780625,-122.394922
62002,88308,33.889394,-118.360962,37.740188,-122.423654
62002,88310,33.889394,-118.360962,37.773345,-122.408478
62002,88315,33.889394,-118.360962,37.809238,-122.255662
62002,88318,33.889394,-118.360962,38.573852,-121.382464
62002,88320,33.889394,-118.360962,38.679592,-121.320589
62002,121860,33.889394,-118.360962,37.83421674,-122.2815383
62002,122225,33.889394,-118.360962,33.406218,-111.99245
62002,153941,33.889394,-118.360962,34.001326,-117.830482
62002,153942,33.889394,-118.360962,33.70336,-117.926877
62011,62013,37.771711,-121.971556,37.405137,-122.067089
62011,62015,37.771711,-121.971556,37.761532,-122.204613
62011,62017,37.771711,-121.971556,33.519722,-117.66697
62011,62018,37.771711,-121.971556,34.025325,-118.469612
62011,62022,37.771711,-121.971556,34.166383,-118.605407
62011,64018,37.771711,-121.971556,38.569427,-121.521377
62011,88307,37.771711,-121.971556,37.780625,-122.394922
62011,88308,37.771711,-121.971556,37.740188,-122.423654
62011,88310,37.771711,-121.971556,37.773345,-122.408478
62011,88315,37.771711,-121.971556,37.809238,-122.255662
62011,88318,37.771711,-121.971556,38.573852,-121.382464
62011,88320,37.771711,-121.971556,38.679592,-121.320589
62011,121860,37.771711,-121.971556,37.83421674,-122.2815383
62011,153941,37.771711,-121.971556,34.001326,-117.830482
62011,153942,37.771711,-121.971556,33.70336,-117.926877
62013,62015,37.405137,-122.067089,37.761532,-122.204613
62013,62017,37.405137,-122.067089,33.519722,-117.66697
62013,62018,37.405137,-122.067089,34.025325,-118.469612
62013,62022,37.405137,-122.067089,34.166383,-118.605407
62013,64018,37.405137,-122.067089,38.569427,-121.521377
62013,88307,37.405137,-122.067089,37.780625,-122.394922
62013,88308,37.405137,-122.067089,37.740188,-122.423654
62013,88310,37.405137,-122.067089,37.773345,-122.408478
62013,88315,37.405137,-122.067089,37.809238,-122.255662
62013,88318,37.405137,-122.067089,38.573852,-121.382464
62013,88320,37.405137,-122.067089,38.679592,-121.320589
62013,121860,37.405137,-122.067089,37.83421674,-122.2815383
62013,153941,37.405137,-122.067089,34.001326,-117.830482
62013,153942,37.405137,-122.067089,33.70336,-117.926877
62015,62017,37.761532,-122.204613,33.519722,-117.66697
62015,62018,37.761532,-122.204613,34.025325,-118.469612
62015,62022,37.761532,-122.204613,34.166383,-118.605407
62015,64018,37.761532,-122.204613,38.569427,-121.521377
62015,88307,37.761532,-122.204613,37.780625,-122.394922
62015,88308,37.761532,-122.204613,37.740188,-122.423654
62015,88310,37.761532,-122.204613,37.773345,-122.408478
62015,88315,37.761532,-122.204613,37.809238,-122.255662
62015,88318,37.761532,-122.204613,38.573852,-121.382464
62015,88320,37.761532,-122.204613,38.679592,-121.320589
62015,121860,37.761532,-122.204613,37.83421674,-122.2815383
62015,153941,37.761532,-122.204613,34.001326,-117.830482
62015,153942,37.761532,-122.204613,33.70336,-117.926877
62017,62018,33.519722,-117.66697,34.025325,-118.469612
62017,62022,33.519722,-117.66697,34.166383,-118.605407
62017,88307,33.519722,-117.66697,37.780625,-122.394922
62017,88308,33.519722,-117.66697,37.740188,-122.423654
62017,88310,33.519722,-117.66697,37.773345,-122.408478
62017,88315,33.519722,-117.66697,37.809238,-122.255662
62017,121860,33.519722,-117.66697,37.83421674,-122.2815383
62017,122225,33.519722,-117.66697,33.406218,-111.99245
62017,153941,33.519722,-117.66697,34.001326,-117.830482
62017,153942,33.519722,-117.66697,33.70336,-117.926877
62018,62022,34.025325,-118.469612,34.166383,-118.605407
62018,64018,34.025325,-118.469612,38.569427,-121.521377
62018,88307,34.025325,-118.469612,37.780625,-122.394922
62018,88308,34.025325,-118.469612,37.740188,-122.423654
62018,88310,34.025325,-118.469612,37.773345,-122.408478
62018,88315,34.025325,-118.469612,37.809238,-122.255662
62018,88318,34.025325,-118.469612,38.573852,-121.382464
62018,88320,34.025325,-118.469612,38.679592,-121.320589
62018,121860,34.025325,-118.469612,37.83421674,-122.2815383
62018,122225,34.025325,-118.469612,33.406218,-111.99245
62018,153941,34.025325,-118.469612,34.001326,-117.830482
62018,153942,34.025325,-118.469612,33.70336,-117.926877
62022,64018,34.166383,-118.605407,38.569427,-121.521377
62022,88307,34.166383,-118.605407,37.780625,-122.394922
62022,88308,34.166383,-118.605407,37.740188,-122.423654
62022,88310,34.166383,-118.605407,37.773345,-122.408478
62022,88315,34.166383,-118.605407,37.809238,-122.255662
62022,88318,34.166383,-118.605407,38.573852,-121.382464
62022,88320,34.166383,-118.605407,38.679592,-121.320589
62022,121860,34.166383,-118.605407,37.83421674,-122.2815383
62022,122225,34.166383,-118.605407,33.406218,-111.99245
62022,153941,34.166383,-118.605407,34.001326,-117.830482
62022,153942,34.166383,-118.605407,33.70336,-117.926877
64018,88307,38.569427,-121.521377,37.780625,-122.394922
64018,88308,38.569427,-121.521377,37.740188,-122.423654
64018,88310,38.569427,-121.521377,37.773345,-122.408478
64018,88315,38.569427,-121.521377,37.809238,-122.255662
64018,88318,38.569427,-121.521377,38.573852,-121.382464
64018,88320,38.569427,-121.521377,38.679592,-121.320589
64018,121860,38.569427,-121.521377,37.83421674,-122.2815383
64018,153941,38.569427,-121.521377,34.001326,-117.830482
64018,153942,38.569427,-121.521377,33.70336,-117.926877
66740,82474,19.808914,-155.840915,21.343935,-157.897062
66767,66848,42.387412,-71.07446,41.843121,-73.081003
70260,73480,40.78093,-81.36797,42.957467,-83.652711
88307,88308,37.780625,-122.394922,37.740188,-122.423654
88307,88310,37.780625,-122.394922,37.773345,-122.408478
88307,88315,37.780625,-122.394922,37.809238,-122.255662
88307,88318,37.780625,-122.394922,38.573852,-121.382464
88307,88320,37.780625,-122.394922,38.679592,-121.320589
88307,121860,37.780625,-122.394922,37.83421674,-122.2815383
88307,153941,37.780625,-122.394922,34.001326,-117.830482
88307,153942,37.780625,-122.394922,33.70336,-117.926877
88308,88310,37.740188,-122.423654,37.773345,-122.408478
88308,88315,37.740188,-122.423654,37.809238,-122.255662
88308,88318,37.740188,-122.423654,38.573852,-121.382464
88308,88320,37.740188,-122.423654,38.679592,-121.320589
88308,121860,37.740188,-122.423654,37.83421674,-122.2815383
88308,153941,37.740188,-122.423654,34.001326,-117.830482
88308,153942,37.740188,-122.423654,33.70336,-117.926877
88310,88315,37.773345,-122.408478,37.809238,-122.255662
88310,88318,37.773345,-122.408478,38.573852,-121.382464
88310,88320,37.773345,-122.408478,38.679592,-121.320589
88310,121860,37.773345,-122.408478,37.83421674,-122.2815383
88310,153941,37.773345,-122.408478,34.001326,-117.830482
88310,153942,37.773345,-122.408478,33.70336,-117.926877
88315,88318,37.809238,-122.255662,38.573852,-121.382464
88315,88320,37.809238,-122.255662,38.679592,-121.320589
88315,121860,37.809238,-122.255662,37.83421674,-122.2815383
88315,153941,37.809238,-122.255662,34.001326,-117.830482
88315,153942,37.809238,-122.255662,33.70336,-117.926877
88318,88320,38.573852,-121.382464,38.679592,-121.320589
88318,121860,38.573852,-121.382464,37.83421674,-122.2815383
88318,153941,38.573852,-121.382464,34.001326,-117.830482
88318,153942,38.573852,-121.382464,33.70336,-117.926877
88320,121860,38.679592,-121.320589,37.83421674,-122.2815383
88320,153941,38.679592,-121.320589,34.001326,-117.830482
88320,153942,38.679592,-121.320589,33.70336,-117.926877
121860,153941,37.83421674,-122.2815383,34.001326,-117.830482
121860,153942,37.83421674,-122.2815383,33.70336,-117.926877
122225,153941,33.406218,-111.99245,34.001326,-117.830482
122225,153942,33.406218,-111.99245,33.70336,-117.926877
153941,153942,34.001326,-117.830482,33.70336,-117.926877
