--
-- PostgreSQL database dump
--

-- Dumped from database version 12.1
-- Dumped by pg_dump version 12.3

SET statement_timeout = 0;
SET lock_timeout = 0;
SET idle_in_transaction_session_timeout = 0;
SET client_encoding = 'UTF8';
SET standard_conforming_strings = on;
SELECT pg_catalog.set_config('search_path', '', false);
SET check_function_bodies = false;
SET xmloption = content;
SET client_min_messages = warning;
SET row_security = off;

--
-- Name: postgis; Type: EXTENSION; Schema: -; Owner: -
--

CREATE EXTENSION IF NOT EXISTS postgis WITH SCHEMA public;


--
-- Name: EXTENSION postgis; Type: COMMENT; Schema: -; Owner: 
--

COMMENT ON EXTENSION postgis IS 'PostGIS geometry, geography, and raster spatial types and functions';


SET default_tablespace = '';

SET default_table_access_method = heap;

--
-- Name: h2pairsdistinct; Type: TABLE; Schema: public; Owner: user
--

CREATE TABLE public.h2pairsdistinct (
    id1 integer,
    id2 integer,
    st_distance double precision
);


ALTER TABLE public.h2pairsdistinct OWNER TO "user";

--
-- Name: h2stations; Type: TABLE; Schema: public; Owner: user
--

CREATE TABLE public.h2stations (
    name character varying(100),
    address character varying(100),
    city character varying(100),
    zip character varying(50),
    lat double precision,
    lon double precision,
    id integer,
    geog public.geography(Point,4326)
);


ALTER TABLE public.h2stations OWNER TO "user";

--
-- Name: h2stationscopy; Type: TABLE; Schema: public; Owner: user
--

CREATE TABLE public.h2stationscopy (
    name character varying(100),
    address character varying(100),
    city character varying(100),
    zip character varying(50),
    lat double precision,
    lon double precision,
    id integer,
    geog public.geography(Point,4326)
);


ALTER TABLE public.h2stationscopy OWNER TO "user";

--
-- Name: leftjoin1; Type: TABLE; Schema: public; Owner: user
--

CREATE TABLE public.leftjoin1 (
    id1 integer,
    id2 integer,
    lat double precision,
    lon double precision
);


ALTER TABLE public.leftjoin1 OWNER TO "user";

--
-- Name: leftjoin2; Type: TABLE; Schema: public; Owner: user
--

CREATE TABLE public.leftjoin2 (
    id1 integer,
    id2 integer,
    lat1 double precision,
    lon1 double precision,
    lat2 double precision,
    lon2 double precision
);


ALTER TABLE public.leftjoin2 OWNER TO "user";

--
-- Data for Name: h2pairsdistinct; Type: TABLE DATA; Schema: public; Owner: user
--

COPY public.h2pairsdistinct (id1, id2, st_distance) FROM stdin;
21796	27339	136383.85062729
21796	30131	177714.16258377
21796	33581	183964.0214852
21796	33582	113512.33882793
21796	61710	177570.75123402
21796	61967	133591.10107331
21796	61968	183834.80886567
21796	61970	166713.44044469
21796	61972	633409.95856364
21796	61973	443049.55045693
21796	61974	142321.67202541
21796	61976	171364.87048828
21796	61978	119148.57567346
21796	61979	166121.60351735
21796	61980	180208.65632496
21796	61981	188160.10446252
21796	61983	228925.52712911
21796	61984	125205.89621512
21796	61985	637480.05784744
21796	61986	317217.67220894
21796	61987	637424.26393949
21796	61988	165518.15418509
21796	62002	182098.42348614
21796	62017	122311.76209007
21796	62018	193249.26797157
21796	62022	207929.42543556
21796	122225	411065.48178358
21796	153941	134363.91282454
21796	153942	142394.12542135
27339	30131	47645.60554302
27339	33581	57285.70075868
27339	33582	66223.74160922
27339	48407	611673.86702196
27339	61710	46820.58182884
27339	61950	569085.07810901
27339	61967	21405.00185899
27339	61968	65244.65868666
27339	61970	53077.31438884
27339	61972	546366.81102582
27339	61973	360386.36277763
27339	61974	6001.2745246
27339	61975	587520.91819164
27339	61976	67078.23729229
27339	61977	567461.25345554
27339	61978	17430.75884446
27339	61979	35389.55931728
27339	61980	64427.37098295
27339	61981	61979.92344859
27339	61982	630243.40013827
27339	61983	106517.47088745
27339	61984	99244.44917454
27339	61985	552327.04480143
27339	61986	194888.75117011
27339	61987	550104.84521841
27339	61988	56658.73259735
27339	61989	604123.26165449
27339	62002	53028.68218826
27339	62011	588430.46601995
27339	62013	563923.703193
27339	62015	601139.5616187
27339	62017	23738.13264479
27339	62018	69510.90878661
27339	62022	88933.11298594
27339	64018	636415.64168465
27339	88307	614074.16059057
27339	88308	612564.64332999
27339	88310	614306.90534197
27339	88315	608082.84530845
27339	88318	630453.61001336
27339	88320	637780.49862117
27339	121860	611667.14950055
27339	122225	545347.01386657
27339	153941	37546.87962589
27339	153942	7890.32158279
30131	33581	10892.0179355
30131	33582	111922.47171436
30131	48407	568220.25458543
30131	61710	1641.16301927
30131	61950	524928.80617167
30131	61967	44129.71339226
30131	61968	24500.35056395
30131	61970	26077.46177744
30131	61972	502222.69499422
30131	61973	318412.56643099
30131	61974	43450.53678782
30131	61975	544045.94466637
30131	61976	39554.43272996
30131	61977	523936.98577859
30131	61978	63724.83557189
30131	61979	12354.47882509
30131	61980	26929.70169795
30131	61981	15236.83251814
30131	61982	586423.2382319
30131	61983	59183.51310137
30131	61984	143244.21130757
30131	61985	508529.52742604
30131	61986	147245.03038133
30131	61987	505894.25779106
30131	61988	31957.20370716
30131	61989	559964.2506038
30131	61990	630147.42682348
30131	62002	5485.59087566
30131	62011	545546.82226662
30131	62013	519874.41429594
30131	62015	557678.63414242
30131	62017	70839.95515138
30131	62018	23399.16374232
30131	62022	43444.26032689
30131	64018	596880.39214797
30131	88307	570250.68997223
30131	88308	568587.34471416
30131	88310	570438.43199114
30131	88315	564625.43856096
30131	88318	591387.8089686
30131	88320	599185.84877609
30131	121860	568213.50792459
30131	122225	588622.54146455
30131	153941	47481.39440453
30131	153942	39824.8145414
33062	70260	226014.2923514
33062	73480	82839.26377338
33476	41135	169670.14254417
33476	60205	496467.88531848
33476	61099	289945.8833688
33476	66767	24908.10079295
33476	66848	167858.25225909
33581	33582	122321.30348837
33581	48407	557378.8270051
33581	61710	12361.37051162
33581	61950	514135.29113568
33581	61967	50850.81404719
33581	61968	15076.93264417
33581	61970	23143.57511084
33581	61972	491427.1435408
33581	61973	307520.88737343
33581	61974	53504.37745986
33581	61975	533204.98520187
33581	61976	33467.16613184
33581	61977	513098.19237223
33581	61978	72653.68620836
33581	61979	22057.61653528
33581	61980	18696.31562663
33581	61981	4695.706471
33581	61982	575605.63967774
33581	61983	49240.5629006
33581	61984	153911.77600438
33581	61985	497707.56411349
33581	61986	138047.56601925
33581	61987	495104.64010006
33581	61988	28303.41034802
33581	61989	549172.36436405
33581	61990	619757.05642251
33581	62002	5974.7864601
33581	62011	534678.57929162
33581	62013	509071.77577792
33581	62015	546837.30444887
33581	62017	80795.11691461
33581	62018	12592.24286375
33581	62022	32622.47666849
33581	64018	586022.96673871
33581	88307	559432.80593054
33581	88308	557780.85596428
33581	88310	559623.79700548
33581	88315	553784.1186946
33581	88318	580548.15796849
33581	88320	588366.48441245
33581	121860	557372.08178503
33581	122225	595029.44436108
33581	153941	51021.94764817
33581	153942	49398.08303768
33582	61710	110797.74818631
33582	61950	635307.61788485
33582	61967	82546.04920327
33582	61968	131391.23820269
33582	61970	119023.28794703
33582	61972	612589.34379615
33582	61973	426406.90356625
33582	61974	69018.24277226
33582	61976	132312.68896963
33582	61977	633664.69533502
33582	61978	56070.98585032
33582	61979	100303.3336494
33582	61980	130650.30851228
33582	61981	126947.54594643
33582	61983	171024.17926391
33582	61984	34040.09373077
33582	61985	618546.58431887
33582	61986	257502.62695337
33582	61987	616325.71660173
33582	61988	122120.14676313
33582	62002	117407.52757666
33582	62013	630147.42505832
33582	62017	42721.79384935
33582	62018	134834.42749058
33582	62022	154625.31596788
33582	122225	502762.18166282
33582	153941	96493.92049603
33582	153942	73887.40680999
41135	60205	327360.58322341
41135	61099	121481.05154093
41135	66767	171705.83227832
41135	66848	47374.37088208
48407	61710	569585.00081602
48407	61950	47926.89231239
48407	61967	596516.28824254
48407	61968	546790.02277159
48407	61970	558925.00519942
48407	61972	68773.27314629
48407	61973	252574.40957073
48407	61974	609285.8946729
48407	61975	24175.32752026
48407	61976	546292.89256819
48407	61977	44302.18953428
48407	61978	623077.63682704
48407	61979	578799.9250967
48407	61980	547267.10759891
48407	61981	552997.80679443
48407	61982	21665.99428699
48407	61983	511707.87018452
48407	61985	60365.75984708
48407	61986	440278.46297692
48407	61987	65949.07604097
48407	61988	556168.45266749
48407	61989	23409.37247324
48407	61990	243995.66641782
48407	62002	562886.93789185
48407	62011	28171.98334918
48407	62013	51255.13492013
48407	62015	10541.70418695
48407	62017	635174.90951463
48407	62018	544821.27806621
48407	62022	524776.19201176
48407	64018	105321.83817129
48407	88307	11621.92951357
48407	88308	16298.84380467
48407	88310	13061.82042392
48407	88315	3595.22391526
48407	88318	113758.87880647
48407	88320	126010.70132402
48407	121860	6.79000174
48407	153941	584884.49013185
48407	153942	604105.89864827
60205	61099	213523.78673666
60205	66767	498951.15339933
60205	66848	334410.89537611
60205	70260	496433.26552337
61099	66767	289317.86166783
61099	66848	145225.31503567
61710	61950	526258.3366829
61710	61967	44033.81438512
61710	61968	26134.69528067
61710	61970	27451.83220007
61710	61972	503553.65644381
61710	61973	319852.2824066
61710	61974	42496.18191229
61710	61975	545410.35964258
61710	61976	41092.01909151
61710	61977	525299.62750592
61710	61978	63074.24035903
61710	61979	11760.72543934
61710	61980	28566.5664766
61710	61981	16588.88062007
61710	61982	587769.12058534
61710	61983	60248.15350549
61710	61984	141998.34078409
61710	61985	509878.90756328
61710	61986	148083.49975259
61710	61987	507221.35774872
61710	61988	33352.0790051
61710	61989	561292.58382152
61710	61990	631758.48349189
61710	62002	6708.70988896
61710	62011	546938.35383789
61710	62013	521210.01941639
61710	62015	559043.32614746
61710	62017	69887.450063
61710	62018	24783.35745466
61710	62022	44814.99896992
61710	64018	598382.49568344
61710	88307	571596.8316836
61710	88308	569925.39723853
61710	88310	571782.2156404
61710	88315	565990.10228169
61710	88318	592901.68634903
61710	88320	600710.45769223
61710	121860	569578.25293496
61710	122225	588416.51672314
61710	153941	47944.93955862
61710	153942	39038.70832884
61950	61967	554524.48201614
61950	61968	503982.69236644
61950	61970	516610.65162917
61950	61972	22718.27423981
61950	61973	212772.24439327
61950	61974	566494.78077554
61950	61975	27601.12039452
61950	61976	504367.85527997
61950	61977	18529.67942416
61950	61978	580977.97265181
61950	61979	535741.88316368
61950	61980	504664.21013483
61950	61981	509692.18351209
61950	61982	62238.48671514
61950	61983	467781.92901364
61950	61985	19637.72326366
61950	61986	394425.95225757
61950	61987	19080.09417835
61950	61988	514079.31356665
61950	61989	35041.34382336
61950	61990	269444.12279022
61950	62002	519550.79506096
61950	62011	41674.60532591
61950	62013	6040.96060814
61950	62015	38547.62464286
61950	62017	592693.24456951
61950	62018	501550.84537049
61950	62022	481513.21606571
61950	64018	138546.12176344
61950	88307	46327.61729054
61950	88308	43933.43743867
61950	88310	46247.90515512
61950	88315	44652.66574386
61950	88318	144154.50546069
61950	88320	157055.80976442
61950	121860	47920.43013765
61950	153941	543365.9241088
61950	153942	561438.88626054
61967	61968	54001.3180498
61967	61970	38568.5160746
61967	61972	531815.99229327
61967	61973	344542.45223047
61967	61974	24169.60476316
61967	61975	572397.87807561
61967	61976	50226.11013535
61967	61977	552392.22457128
61967	61978	26655.18766483
61967	61979	32832.68669081
61967	61980	51754.43427887
61967	61981	55278.73936979
61967	61982	615357.97308209
61967	61983	98521.15314443
61967	61984	116429.78449952
61967	61985	537484.87594034
61967	61986	187897.40441478
61967	61987	535607.51772563
61967	61988	40473.07251444
61967	61989	589537.0270029
61967	61990	643284.62059104
61967	62002	48552.02845645
61967	62011	572878.89212444
61967	62013	549277.17435814
61967	62015	585995.33750638
61967	62017	40506.67188042
61967	62018	61365.25509575
61967	62022	78833.44209322
61967	64018	618954.69419198
61967	88307	599202.80535396
61967	88308	597819.64952482
61967	88310	599471.67610972
61967	88315	592930.76898062
61967	88318	612786.89924533
61967	88320	619909.09765068
61967	121860	596509.59762236
61967	122225	544552.92553897
61967	153941	16148.99179777
61967	153942	18822.42807503
61968	61970	17154.88770776
61968	61972	481265.04725476
61968	61973	296080.01282088
61968	61974	62517.18952013
61968	61975	522626.31157124
61968	61976	20660.22227617
61968	61977	502546.62705969
61968	61978	78711.01561231
61968	61979	32518.00640838
61968	61980	4964.38582416
61968	61981	13835.31489478
61968	61982	565239.99824048
61968	61983	45208.11647752
61968	61984	163916.88089022
61968	61985	487321.52868532
61968	61986	134372.78158058
61968	61987	484987.51347183
61968	61988	19669.17611681
61968	61989	539023.4876854
61968	61990	605769.10805844
61968	62002	20740.06838448
61968	62011	523767.47912483
61968	62013	498848.03428932
61968	62015	536251.75306579
61968	62017	88965.41985166
61968	62018	11703.36156606
61968	62022	24855.92129241
61968	64018	573683.35884355
61968	88307	549068.08118173
61968	88308	547513.54912158
61968	88310	549287.3338772
61968	88315	543197.18916815
61968	88318	568048.8410315
61968	88320	575718.23034087
61968	121860	546783.29398364
61968	122225	594482.85268493
61968	153941	49479.61642367
61968	153942	57508.16663551
61970	61972	493895.2345574
61970	61973	307393.48781494
61970	61974	51579.94452387
61970	61975	534784.18600798
61970	61976	15373.62937173
61970	61977	514745.23831337
61970	61978	64496.70698273
61970	61979	26991.76245225
61970	61980	13668.19765655
61970	61981	25394.5870326
61970	61982	577613.66683639
61970	61983	62241.23310126
61970	61984	152300.20860641
61970	61985	499710.64812416
61970	61986	151162.99453384
61970	61987	497662.21762591
61970	61988	5930.68550598
61970	61989	551638.60444536
61970	61990	612020.64377616
61970	62002	25828.63205501
61970	62011	535538.81622196
61970	62013	511404.24124604
61970	62015	548395.28800464
61970	62017	76301.59213939
61970	62018	27635.89762273
61970	62022	41480.12068161
61970	64018	583436.11940411
61970	88307	561449.67688537
61970	88308	560000.34450229
61970	88310	561699.34680876
61970	88315	555335.93086734
61970	88318	577538.34956155
61970	88320	584945.86796512
61970	121860	558918.29801135
61970	122225	577328.07198166
61970	153941	32399.6227949
61970	153942	45882.51897448
61972	61973	190363.69923545
61972	61974	543777.41643022
61972	61975	45820.73943559
61972	61976	481663.12250675
61972	61977	27798.78605177
61972	61978	558265.93490904
61972	61979	513028.70487397
61972	61980	481946.0095097
61972	61981	486986.20688874
61972	61982	84638.61287786
61972	61983	445111.17554157
61972	61985	11684.00474487
61972	61986	372106.21060872
61972	61987	4189.85351989
61972	61988	491369.0266213
61972	61989	57758.44286352
61972	61990	273594.14500548
61972	62002	496846.31609625
61972	62011	55488.34347305
61972	62013	17827.40216599
61972	62015	58660.12304766
61972	62017	569975.27211962
61972	62018	478843.32523832
61972	62022	458804.87498102
61972	64018	148967.34465321
61972	88307	68571.53809867
61972	88308	66486.6838637
61972	88310	68602.704565
61972	88315	65298.28411672
61972	88318	153011.4666914
61972	88320	165876.78421927
61972	121860	68766.56406097
61972	153941	520677.32184898
61972	153942	538720.69654425
61973	61974	358319.41732517
61973	61975	228590.15820671
61973	61976	294340.18440302
61973	61977	208787.84575497
61973	61978	371169.90688143
61973	61979	328433.64238666
61973	61980	296198.73922251
61973	61981	303312.0050611
61973	61982	272042.8082549
61973	61983	264192.4641761
61973	61984	459619.8347051
61973	61985	194702.46438823
61973	61986	206185.40716784
61973	61987	194374.74974142
61973	61988	304369.04189923
61973	61989	247382.80093285
61973	61990	340963.34511029
61973	62002	313215.10254518
61973	62011	228400.39129695
61973	62013	207193.25454429
61973	62015	242104.88902532
61973	62017	383687.12851088
61973	62018	295102.0605283
61973	62022	275174.72946006
61973	64018	281018.30830346
61973	88307	255988.52673268
61973	88308	255021.64408061
61973	88310	256368.04189542
61973	88315	249007.95754265
61973	88318	276738.82865484
61973	88320	285793.38900301
61973	121860	252567.78879871
61973	153941	332558.10775024
61973	153942	352955.63329962
61974	61975	585124.38978473
61974	61976	66142.81504539
61974	61977	565048.84172387
61974	61978	23246.48727721
61974	61979	31448.96254537
61974	61980	62122.15776422
61974	61981	58173.82112853
61974	61982	627755.76590347
61974	61983	102589.92443179
61974	61984	101418.37209804
61974	61985	549837.17859165
61974	61986	190512.14277714
61974	61987	547496.52592707
61974	61988	55651.4580168
61974	61989	601535.8209323
61974	62002	48906.65032529
61974	62011	586190.91351309
61974	62013	561363.7881179
61974	62015	598748.42897936
61974	62017	27392.46998875
61974	62018	65926.37026699
61974	62022	85625.95439243
61974	64018	634962.09453369
61974	88307	611583.99599402
61974	88308	610030.59872161
61974	88310	611804.04215649
61974	88315	605693.44614653
61974	88318	629097.73562581
61974	88320	636522.81957355
61974	121860	609279.16848828
61974	122225	551081.08700389
61974	153941	39955.73371319
61974	153942	6111.81066597
61975	61976	522176.27135902
61975	61977	20136.55480644
61975	61978	598953.091424
61975	61979	554629.7025482
61975	61980	523111.36120809
61975	61981	528823.24745291
61975	61982	43851.02628502
61975	61983	487539.64573762
61975	61985	36542.64072259
61975	61986	416342.78077273
61975	61987	43494.69290716
61975	61988	532041.21378295
61975	61989	26523.13411418
61975	61990	246687.98057457
61975	62002	538712.17828165
61975	62011	16646.99658348
61975	62013	29235.40715979
61975	62015	13633.85975769
61975	62017	611027.98688046
61975	62018	520647.00871194
61975	62022	500601.83190978
61975	64018	112569.58185547
61975	88307	28410.41434599
61975	88308	29146.25843716
61975	88310	29149.16854664
61975	88315	20580.18057681
61975	88318	119031.07558409
61975	88320	131838.42882747
61975	121860	24168.57426414
61975	153941	560802.83221538
61975	153942	579949.22712918
61976	61977	502173.97787325
61976	61978	76831.23683826
61976	61979	42238.96357824
61976	61980	15754.87712377
61976	61981	33797.93865164
61976	61982	565152.73413661
61976	61983	59544.17484988
61976	61984	165920.56347298
61976	61985	487287.60650288
61976	61986	145972.98112063
61976	61987	485464.42458924
61976	61988	10493.97307516
61976	61989	539373.31337993
61976	61990	596924.73899677
61976	62002	37854.75122453
61976	62011	522660.09968734
61976	62013	499106.37749452
61976	62015	535772.59276159
61976	62017	89703.93509194
61976	62018	32178.93671669
61976	62022	38369.1905264
61976	64018	569424.94812723
61976	88307	548999.56757115
61976	88308	547631.45917562
61976	88310	549272.33835056
61976	88315	542707.62289843
61976	88318	563412.97371876
61976	88320	570710.53203258
61976	121860	546286.2030111
61976	122225	580602.1254512
61976	153941	39917.97578527
61976	153942	60263.70177254
61977	61978	578938.19841657
61977	61979	534534.59584484
61977	61980	503047.19639774
61977	61981	508713.01819002
61977	61982	63276.49800457
61977	61983	467406.18793321
61977	61985	17101.21066338
61977	61986	396318.1880773
61977	61987	26553.05054259
61977	61988	512023.22294426
61977	61989	41086.29095686
61977	61990	251510.73933166
61977	62002	518600.74232449
61977	62011	27697.81959656
61977	62013	15645.6859721
61977	62015	33764.50844566
61977	62017	590978.39847746
61977	62018	500538.30696371
61977	62022	480492.73196029
61977	64018	122689.13648608
61977	88307	47317.05381423
61977	88308	46900.73820459
61977	88310	47799.66972801
61977	88315	40707.29887938
61977	88318	127564.17770801
61977	88320	140478.95002216
61977	121860	44295.42403825
61977	153941	540847.75414242
61977	153942	559882.93426253
61978	61979	51371.74092324
61978	61980	77113.54072888
61978	61981	77326.71729409
61978	61982	641876.50571386
61978	61983	121742.15621086
61978	61984	90061.45730276
61978	61985	563991.77938423
61978	61986	210691.1054964
61978	61987	562046.46805038
61978	61988	66918.11641518
61978	61989	615997.86478326
61978	62002	68942.88005428
61978	62011	599488.96297954
61978	62013	575747.73751024
61978	62015	612554.29536152
61978	62017	15730.691987
61978	62018	84416.7473496
61978	62022	103165.33941278
61978	88307	625718.14939653
61978	88308	624311.96825741
61978	88310	625980.62922682
61978	88315	619491.16758439
61978	88318	639311.90883691
61978	121860	623070.94200271
61978	122225	527917.63887497
61978	153941	40562.77493314
61978	153942	24406.3869437
61979	61980	33334.92755799
61979	61981	26724.9157322
61979	61982	597128.56702575
61979	61983	71187.0722363
61979	61984	132130.58848681
61979	61985	519217.62297754
61979	61986	159544.20741269
61979	61987	516723.6846531
61979	61988	32669.43455806
61979	61989	570782.25956048
61979	61990	637454.4348756
61979	62002	17654.31956504
61979	62011	555933.33001612
61979	62013	530650.10446064
61979	62015	568259.44312558
61979	62017	58770.5802014
61979	62018	34531.27426358
61979	62022	54385.68785713
61979	64018	606201.36493912
61979	88307	580955.37335998
61979	88308	579344.14390565
61979	88310	581158.40968809
61979	88315	575205.93857961
61979	88318	600561.3202209
61979	88320	608214.99190762
61979	121860	578793.18738709
61979	122225	576852.66780682
61979	153941	38882.47944296
61979	153942	27534.58352619
61980	61981	18261.19135199
61980	61982	565817.28816726
61980	61983	48720.08797422
61980	61984	163495.5007501
61980	61985	487900.55000949
61980	61986	137504.92284911
61980	61987	485687.85582325
61980	61988	15194.19950609
61980	61989	539701.59364926
61980	61990	604210.9563452
61980	62002	23905.55385763
61980	62011	524095.30832267
61980	62013	499498.56323548
61980	62015	536731.7345003
61980	62017	88040.20206229
61980	62018	16654.3107453
61980	62022	27827.80775772
61980	64018	573255.67668454
61980	88307	549647.81837626
61980	88308	548137.53438321
61980	88310	549879.86397736
61980	88315	543675.61129651
61980	88318	567528.35987769
61980	88320	575107.67416498
61980	121860	547260.38731364
61980	122225	590651.46923875
61980	153941	46003.49113503
61980	153942	56840.92332956
61981	61982	571190.36063482
61981	61983	44544.85680312
61981	61984	158444.82385081
61981	61985	493298.04602095
61981	61986	133388.03502197
61981	61987	490657.47887459
61981	61988	30022.00593739
61981	61989	544727.54241342
61981	61990	616398.91225605
61981	62002	9907.76953068
61981	62011	530351.66567253
61981	62013	504638.62188913
61981	62015	542456.14373238
61981	62017	85478.5210537
61981	62018	8209.99475468
61981	62022	28226.16610467
61981	64018	582011.32091858
61981	88307	555017.90521439
61981	88308	553352.08273289
61981	88310	555204.80303772
61981	88315	549402.92912579
61981	88318	576582.69829974
61981	88320	584446.01531759
61981	121860	552991.05923268
61981	122225	599218.64428343
61981	153941	54772.68660988
61981	153942	54092.72649318
61982	61983	529538.22513882
61982	61985	77918.68217532
61982	61986	456659.52874152
61982	61987	81251.58993895
61982	61988	574958.48738075
61982	61989	28499.08327969
61982	61990	255631.11336088
61982	62002	581064.71712829
61982	62011	49829.52465453
61982	62013	66823.48045934
61982	62015	30996.33057306
61982	62018	563031.26945337
61982	62022	542986.14751513
61982	64018	115419.34894465
61982	88307	16173.21235456
61982	88308	18470.31975267
61982	88310	16037.83652285
61982	88315	24719.50681553
61982	88318	125163.94426273
61982	88320	136672.44224889
61982	121860	21671.20333429
61982	153941	603924.60141729
61982	153942	622636.1237754
61983	61984	201820.64418169
61983	61985	451747.42930727
61983	61986	89378.37897451
61983	61987	448715.26489182
61983	61988	63597.13919199
61983	61989	502782.45040755
61983	61990	585441.81847536
61983	62002	53705.69275126
61983	62011	489634.73494083
61983	62013	462834.77137574
61983	62015	501170.59615494
61983	62017	129951.7039411
61983	62018	37361.8208057
61983	62022	21261.60721889
61983	64018	544488.09564228
61983	88307	513377.23707875
61983	88308	511568.95474289
61983	88310	513521.78868469
61983	88315	508113.2086639
61983	88318	539536.21518629
61983	88320	547849.32292412
61983	121860	511701.10211971
61983	122225	639299.93216323
61983	153941	94638.7493907
61983	153942	98632.7391248
61984	61986	286441.29964374
61984	61988	155636.88967663
61984	62002	148692.03470159
61984	62017	76222.86055612
61984	62018	166500.28516597
61984	62022	186477.58920364
61984	122225	492204.71149517
61984	153941	130527.5321007
61984	153942	106675.25325172
61985	61986	379913.38873029
61985	61987	12190.72438123
61985	61988	497074.78990441
61985	61989	52768.61643122
61985	61990	262463.05986304
61985	62002	503175.49486014
61985	62011	44467.97776419
61985	62013	13596.84290452
61985	62015	49944.66154329
61985	62017	575887.19328435
61985	62018	485135.61001562
61985	62022	465089.83354652
61985	64018	137285.53159705
61985	88307	61747.65805367
61985	88308	60399.17405837
61985	88310	61989.46122117
61985	88315	56801.09891939
61985	88318	141348.06031298
61985	88320	154218.69046907
61985	121860	60358.97260694
61985	153941	526120.87406065
61985	153942	544718.11429072
61986	61987	375413.68985517
61986	61988	151819.5510387
61986	61989	429008.06323165
61986	61990	543940.79192321
61986	62002	141890.13157833
61986	62011	420440.43629855
61986	62013	389931.22082755
61986	62015	429845.51625986
61986	62017	217859.00525516
61986	62018	126627.88442501
61986	62022	109683.09334102
61986	64018	485070.34531207
61986	88307	440658.99044077
61986	88308	438337.02544364
61986	88310	440646.36289864
61986	88315	436714.28571719
61986	88318	481616.53351339
61986	88320	491172.52889061
61986	121860	440271.67666037
61986	153941	183479.38283878
61986	153942	187066.87639919
61987	61988	495155.72728417
61987	61989	54074.91353225
61987	61990	274646.76571495
61987	62002	500513.52453142
61987	62011	54164.54819766
61987	62013	14704.83544845
61987	62015	56000.70014353
61987	62017	573721.5223198
61987	62018	482519.02684832
61987	62022	462483.15231384
61987	64018	148714.77283391
61987	88307	65256.11099107
61987	88308	62997.78985222
61987	88310	65232.83036419
61987	88315	62521.80056286
61987	88318	153074.30562068
61987	88320	165965.10451974
61987	121860	65942.42206219
61987	153941	524507.49472186
61987	153942	542451.97356297
61988	61989	549095.72642214
61988	61990	607390.95361873
61988	62002	31454.03388893
61988	62011	532633.14253937
61988	62013	508841.15064038
61988	62015	545643.99886971
61988	62017	79451.53380832
61988	62018	31039.22398437
61988	62022	42450.75936143
61988	64018	579781.44457502
61988	88307	558800.3092794
61988	88308	557398.10941341
61988	88310	559063.44355252
61988	88315	552581.52775488
61988	88318	573798.93228213
61988	88320	581122.66772976
61988	121860	556161.75574774
61988	122225	575703.1905998
61988	153941	31933.01066204
61988	153942	49783.72320924
61989	61990	266276.20342663
61989	62002	554584.88343176
61989	62011	40697.54478321
61989	62013	40294.56943635
61989	62015	21780.12012306
61989	62017	627729.1597999
61989	62018	536587.45132483
61989	62022	516550.47763212
61989	64018	128378.46557714
61989	88307	14760.0183069
61989	88308	10357.07052428
61989	88310	13921.31088163
61989	88315	22275.35604429
61989	88318	136454.96815208
61989	88320	148865.28125244
61989	121860	23406.16106886
61989	153941	578341.74810163
61989	153942	596478.45068448
61990	62002	625731.77690271
61990	62011	230092.44430295
61990	62013	267138.35229176
61990	62015	244827.41733263
61990	62018	608604.00226832
61990	62022	590382.89956533
61990	64018	140327.72427885
61990	88307	255352.2415627
61990	88308	260265.38624265
61990	88310	256777.43421463
61990	88315	244268.22119927
61990	88318	130554.53772321
61990	88320	119006.89877874
61990	121860	243996.79231828
61990	153941	628240.9381664
62002	62011	540254.78858313
62002	62013	514503.41377957
62002	62015	552345.24880017
62002	62017	76290.47578822
62002	62018	18116.0346244
62002	62022	38126.70812484
62002	64018	591852.43007307
62002	88307	564892.50213586
62002	88308	563219.23076296
62002	88310	565077.29666966
62002	88315	559292.00776877
62002	88318	586400.82173819
62002	88320	594239.2988179
62002	121860	562880.18950778
62002	122225	593099.33700215
62002	153941	50586.83022019
62002	153942	45185.01102831
62011	62013	41551.26807826
62011	62015	20565.72125064
62011	62017	611836.73447508
62011	62018	522156.01829384
62011	62022	502128.21050318
62011	64018	96935.81631349
62011	88307	37311.1038608
62011	88308	39993.41227964
62011	88310	38494.56175724
62011	88315	25368.8206544
62011	88318	102918.09874573
62011	88320	115777.94944131
62011	121860	28166.94050663
62011	153941	560958.34913843
62011	153942	580925.07771613
62013	62015	41378.86719393
62013	62017	587518.08615681
62013	62018	496490.49258725
62013	62022	476449.3462276
62013	64018	137836.23782693
62013	88307	50745.04417972
62013	88308	48734.22073966
62013	88310	50785.92564852
62013	88315	47841.80919532
62013	88318	142984.67346566
62013	88320	155899.89883525
62013	121860	51248.4944249
62013	153941	538055.93817516
62013	153942	556288.54176369
62015	62017	624642.89483026
62015	62018	534279.66499408
62015	62022	514234.56180133
62015	64018	107826.92059676
62015	88307	16900.5203512
62015	88308	19448.63199307
62015	88310	18010.1494256
62015	88315	6946.81438143
62015	88318	115414.7533645
62015	88320	127972.74503286
62015	121860	10534.95457945
62015	153941	574378.15173246
62015	153942	593570.20210422
62017	62018	93127.30538291
62017	62022	112643.73415237
62017	88307	637632.29703967
62017	88308	636145.09827242
62017	88310	637871.62292068
62017	88315	631584.87614614
62017	121860	635168.19741132
62017	122225	527599.65496845
62017	153941	55524.88214459
62017	153942	31569.75442774
62018	62022	20046.27497539
62018	64018	573834.49545106
62018	88307	546858.58003579
62018	88308	545201.16471471
62018	88310	547047.87120177
62018	88315	541226.47135853
62018	88318	568421.23399813
62018	88320	576301.69739794
62018	121860	544814.53153451
62018	122225	604186.50291479
62018	153941	59096.5566308
62018	153942	61623.04947123
62022	64018	554170.71966239
62022	88307	526813.40849937
62022	88308	525158.74344847
62022	88310	527003.33158392
62022	88315	521181.36324364
62022	88318	548836.64953337
62022	88320	556798.01827012
62022	121860	524769.44516707
62022	122225	618124.15401932
62022	153941	73826.89887141
62022	153942	81075.27485218
64018	88307	116295.78940211
64018	88308	121350.49600631
64018	88310	117688.9717469
64018	88315	106103.91447084
64018	88318	12115.71377453
64018	88320	21337.34813812
64018	121860	105323.84941865
64018	153941	605578.17879524
64018	153942	629318.53110908
66740	82474	273557.35643326
66767	66848	176607.70459708
70260	73480	307252.92997387
88307	88308	5153.0316363
88307	88310	1441.92360958
88307	88315	12670.00819322
88307	88318	124987.53517761
88307	88320	137131.32665125
88307	121860	11622.28799284
88307	153941	587786.86466668
88307	153942	606465.76214857
88308	88310	3915.61339503
88308	88315	16666.7977565
88308	88318	129961.2077219
88308	88320	142146.21243863
88308	121860	16298.13477273
88308	153941	586500.14972132
88308	153942	604939.57966989
88310	88315	14037.33712512
88310	88318	126403.17663155
88310	88320	138536.98833338
88310	121860	13062.1365585
88310	153941	588083.01489191
88310	153942	606693.64548848
88315	88318	114256.38997805
88315	88320	126623.8176999
88315	121860	3588.46657495
88315	153941	581304.65184002
88315	153942	600514.26063831
88318	88320	12915.58619693
88318	121860	113760.3688984
88318	153941	599257.87876727
88318	153942	623415.41855756
88320	121860	126012.41665007
88320	153941	606225.37404758
88320	153942	630803.44283996
121860	153941	584877.82270072
121860	153942	604099.17753324
122225	153941	545143.43689931
122225	153942	552002.39609252
153941	153942	34233.07125524
\.


--
-- Data for Name: h2stations; Type: TABLE DATA; Schema: public; Owner: user
--

COPY public.h2stations (name, address, city, zip, lat, lon, id, geog) FROM stdin;
SunLine Transit Agency	32-505 Harry Oliver Trail	Thousand Palms	92276	33.812361	-116.395444	21796	0101000020E610000090D959F44E195DC0DFC5FB71FBE74040
University of California Irvine	19172 Jamboree Rd	Irvine	92612	33.663511	-117.856388	27339	0101000020E6100000F52B9D0FCF765DC0A4C4AEEDEDD44040
Shell - Torrance	2051 W 190th St	Torrance	90504	33.858556	-118.31461	30131	0101000020E6100000A73FFB9122945DC06DE4BA29E5ED4040
Ford Sustainable Mobility Transportation Laboratory	Miller Rd and S Dix St	Dearborn	48120	42.305644	-83.162105	33062	0101000020E61000002861A6ED5FCA54C0FC1BB4571F274540
Nuvera Corporate Headquarters	129 Concord Rd	Billerica	1821	42.549221	-71.284134	33476	0101000020E6100000A06B5F402FD251C062A3ACDF4C464540
Los Angeles International Airport	10400 Aviation Blvd	Los Angeles	90045	33.941383	-118.377866	33581	0101000020E61000004D11E0F42E985DC05401F73C7FF84040
Camp Pendleton	Camp Pendleton Marine Corp Base	Oceanside	92054	33.21444166	-117.3870303	33582	0101000020E6100000E943BC1AC5585DC0CB4C06D3729B4040
SunHydro - Wallingford	10 Technology Dr	Wallingford	6492	41.490507	-72.760932	41135	0101000020E6100000B69E211CB33052C0C3BAF1EEC8BE4440
Applied Research Center	860 Bettis Academy Rd	Graniteville	29829	33.622806	-81.838273	41136	0101000020E6100000AB07CC43A67554C054E0641BB8CF4040
Messer - Emeryville	1172 45th St	Emeryville	94608	37.83426758	-122.2815812	48407	0101000020E6100000C84A276D05925EC0461BB247C9EA4240
Air Liquide - Research and Development Center	200 Gbc Dr	Newark	19702	39.611522	-75.739514	60205	0101000020E6100000C93B873254EF52C06B64575A46CE4340
Town of Hempstead - Department of Conservation & Waterways	1401 Lido Blvd	Point Lookout	11569	40.592118	-73.585241	61099	0101000020E6100000D0D1AA96746552C0BCAFCA85CA4B4440
Honda MC Formula Station	1900 Harpers Way	Torrance	90501	33.843799	-118.313324	61710	0101000020E610000052431B800D945DC0E1B20A9B01EC4040
Air Liquide - Palo Alto	3601 El Camino Real	Palo Alto	94306	37.418914	-122.133104	61950	0101000020E6100000E0BDA3C684885EC014EB54F99EB54240
Air Liquide - Anaheim	3731 E La Palma Ave	Anaheim	92806	33.855862	-117.837744	61967	0101000020E6100000E59A02999D755DC0D0F1D1E28CED4040
Air Products and Chemicals Inc - Los Angeles	7751 Beverly Blvd	Los Angeles	90036	34.076363	-118.358673	61968	0101000020E6100000533D997FF4965DC0EECF4543C6094140
California State University Los Angeles - Hydrogen Research & Fueling Facility	5151 State University Dr	Los Angeles	90032	34.0621924	-118.1736142	61970	0101000020E6100000C2C7BB7E1C8B5DC0A607AAEBF5074140
FirstElement - Campbell	2855 Winchester Blvd	Campbell	95008	37.271941	-121.954643	61972	0101000020E6100000BE16F4DE187D5EC084B872F6CEA24240
FirstElement - Coalinga	24505 W Dorris Ave	Coalinga	93210	36.25298	-120.239432	61973	0101000020E61000006A6798DA520F5EC063450DA661204240
FirstElement - Costa Mesa	2050 Harbor Blvd	Costa Mesa	92627	33.648692	-117.918614	61974	0101000020E610000075E95F92CA7A5DC0A296E65608D34040
FirstElement - Hayward	391 W A St	Hayward	94541	37.666686	-122.106352	61975	0101000020E61000004F779E78CE865EC0BC5983F755D54240
FirstElement - La Canada Flintridge	550 Foothill Blvd	La Canada Flintridge	91011	34.200017	-118.191164	61976	0101000020E61000000B0BEE073C8C5DC070D234289A194140
FirstElement - Fremont	41700 Grimmer Blvd	Fremont	94538	37.52217	-121.968501	61977	0101000020E61000002C499EEBFB7D5EC0E6797077D6C24240
FirstElement - Lake Forest	20731 Lake Forest Dr	Lake Forest	92630	33.661543	-117.668467	61978	0101000020E610000023DDCF29C86A5DC0E9F2E670ADD44040
FirstElement - Long Beach	3401 Long Beach Blvd	Long Beach	90807	33.819222	-118.189733	61979	0101000020E6100000357EE195248C5DC0F5143944DCE84040
FirstElement - Hollywood Blvd	5700 Hollywood Blvd	Los Angeles	90028	34.101336	-118.314034	61980	0101000020E610000041F50F2219945DC028F4FA93F80C4140
FirstElement - Lincoln Blvd	8126 Lincoln Blvd	Los Angeles	90045	33.963119	-118.421458	61981	0101000020E6100000CEA8F92AF99A5DC0FF93BF7B47FB4040
FirstElement - Mill Valley	570 Redwood Hwy	Mill Valley	94941	37.888823	-122.5179817	61982	0101000020E61000004C5BB79C26A15EC06077BAF3C4F14240
FirstElement - Thousand Oaks	3102 E Thousand Oaks Blvd	Thousand Oaks	91362	34.168683	-118.835986	61983	0101000020E61000007D7A6CCB80B55DC01232906797154140
FirstElement - Del Mar	3060 Carmel Valley Rd	San Diego	92130	32.933578	-117.240016	61984	0101000020E610000012A1116C5C4F5DC0EE21E17B7F774040
FirstElement - San Jose	2101 N First St	San Jose	95131	37.37326	-121.918838	61985	0101000020E61000009C14E63DCE7A5EC0D673D2FBC6AF4240
FirstElement - Santa Barbara	150 S La Cumbre Rd	Santa Barbara	93105	34.438155	-119.751005	61986	0101000020E61000007B88467710F05DC019CA897615384140
FirstElement - Saratoga	12600 Saratoga Ave	Saratoga	95070	37.284189	-121.999331	61987	0101000020E610000041B8020AF57F5EC004711E4E60A44240
FirstElement - South Pasadena	1200 Fair Oaks Ave	South Pasadena	91030	34.111868	-118.149849	61988	0101000020E6100000A795422097895DC006BCCCB0510E4140
FirstElement - South San Francisco	248 S Airport Blvd	South San Francisco	94080	37.647933	-122.406006	61989	0101000020E6100000B5FE9600FC995EC0E57FF277EFD24240
FirstElement - Truckee	12105 Donner Pass Rd	Truckee	96161	39.324902	-120.223537	61990	0101000020E61000008A1C226E4E0E5EC0D733846396A94340
Air Products and Chemicals Inc - Lawndale	15606 Inglewood Ave	Lawndale	90260	33.889394	-118.360962	62002	0101000020E610000052465C001A975DC01BA19FA9D7F14040
Iwatani - San Ramon	4475 Norris Canyon Rd	San Ramon	94583	37.771711	-121.971556	62011	0101000020E6100000E38E37F92D7E5EC0537B116DC7E24240
Iwatani - Mountain View	830 Leong Dr	Mountain View	94043	37.405137	-122.067089	62013	0101000020E6100000F73AA92F4B845EC025B37A87DBB34240
National Renewable Energy Laboratory - Energy Systems Integration Facility	15013 Denver West Pkwy	Golden	80401	39.740236	-105.181918	62014	0101000020E61000007023658BA44B5AC033A9A10DC0DE4340
AC Transit - Oakland	1100 Seminary Ave	Oakland	94621	37.761532	-122.204613	62015	0101000020E610000088D51F61188D5EC0C26D6DE179E14240
Iwatani - San Juan Capistrano	26572 Junipero Serra Rd	San Juan Capistrano	92675	33.519722	-117.66697	62017	0101000020E6100000715AF0A2AF6A5DC08081204086C24040
Air Products and Chemicals Inc - Santa Monica	1819 Cloverfield Blvd	Santa Monica	90404	34.025325	-118.469612	62018	0101000020E6100000C9737D1F0E9E5DC0B7627FD93D034140
Air Products and Chemicals Inc - Woodland Hills	5314 Topanga Canyon Blvd	Woodland Hills	91364	34.166383	-118.605407	62022	0101000020E61000003F7100FDBEA65DC021CEC3094C154140
Ramos Oil Co - Iwatani - Shell	1515 S River Rd	West Sacramento	95691	38.569427	-121.521377	64018	0101000020E6100000BEF8A23D5E615EC0CD3AE3FBE2484340
Blue Planet Research	71-1645 Mamalahoa Hwy #2	Kailua-Kona	96740	19.808914	-155.840915	66740	0101000020E6100000E8F692C6E87A63C0CC46E7FC14CF3340
Massachusetts Bus Transit Authority - Charlestown Bus Garage	21 Arlington Ave	Boston	2129	42.387412	-71.07446	66767	0101000020E61000000D37E0F3C3C451C0FA0967B796314540
Torrington Tri-Gen	539 Technology Park Dr	Torrington	6790	41.843121	-73.081003	66848	0101000020E61000002FF834272F4552C010C99063EBEB4440
Clean Energy - Stark Area Regional Transit Authority	1600 Gateway Blvd SE	Canton	44707	40.78093	-81.36797	70260	0101000020E61000002FFA0AD28C5754C08E3BA583F5634440
Mass Transportation Authority - Grand Blanc Alternative Fueling Center	5091 S Dort Hwy	Flint	48507	42.957467	-83.652711	73480	0101000020E610000053AF5B04C6E954C0E7FF55478E7A4540
SERVCO	2850 Pukoloa St	Honolulu	96819	21.343935	-157.897062	82474	0101000020E6100000800F5EBBB4BC63C023F3C81F0C583540
Shell - San Francisco 3rd St	551 3rd St	San Francisco	94107	37.780625	-122.394922	88307	0101000020E6100000239EEC6646995EC052B81E85EBE34240
Shell - San Francisco Mission St	3550 Mission St	San Francisco	94110	37.740188	-122.423654	88308	0101000020E610000074B4AA251D9B5EC02272FA7ABEDE4240
Shell - San Francisco Harrison St	1201 Harrison St	San Francisco	94103	37.773345	-122.408478	88310	0101000020E6100000ACC8E880249A5EC037C30DF8FCE24240
True Zero - FirstElement - Oakland	350 Grand Ave	Oakland	94610	37.809238	-122.255662	88315	0101000020E61000001E3526C45C905EC019575C1C95E74240
Shell - Sacramento	3510 Fair Oaks Blvd	Sacramento	95864	38.573852	-121.382464	88318	0101000020E61000006EF9484A7A585EC0425F7AFB73494340
Shell - Citrus Heights	6141 Greenback Ln	Citrus Heights	95621	38.679592	-121.320589	88320	0101000020E6100000459DB98784545EC0C64FE3DEFC564340
Fort Lewis	McKinley Ave & Garfield St	Fort Lewis	98433	47.10579	-122.539	102640	0101000020E6100000D122DBF97EA25EC0361FD7868A8D4740
AC Transit - Emeryville	1172 45th St	Emeryville	94608	37.83421674	-122.2815383	121860	0101000020E610000092C437B904925EC0B209389DC7EA4240
Nel - Nikola	4141 E Broadway Rd	Phoenix	85040	33.406218	-111.99245	122225	0101000020E6100000933A014D84FF5BC0F58590F3FEB34040
South Coast Air Quality Management District - Diamond Bar	21865 Copley Dr	Diamond Bar	91765	34.001326	-117.830482	153941	0101000020E6100000AB7AF99D26755DC037514B732B004140
Trillium - Orange County Transportation Authority - Santa Ana	4301 E MacArthur Blvd	Santa Ana	92704	33.70336	-117.926877	153942	0101000020E6100000899AE8F3517B5DC044A852B307DA4040
\.


--
-- Data for Name: h2stationscopy; Type: TABLE DATA; Schema: public; Owner: user
--

COPY public.h2stationscopy (name, address, city, zip, lat, lon, id, geog) FROM stdin;
SunLine Transit Agency	32-505 Harry Oliver Trail	Thousand Palms	92276	33.812361	-116.395444	21796	0101000020E610000090D959F44E195DC0DFC5FB71FBE74040
University of California Irvine	19172 Jamboree Rd	Irvine	92612	33.663511	-117.856388	27339	0101000020E6100000F52B9D0FCF765DC0A4C4AEEDEDD44040
Shell - Torrance	2051 W 190th St	Torrance	90504	33.858556	-118.31461	30131	0101000020E6100000A73FFB9122945DC06DE4BA29E5ED4040
Ford Sustainable Mobility Transportation Laboratory	Miller Rd and S Dix St	Dearborn	48120	42.305644	-83.162105	33062	0101000020E61000002861A6ED5FCA54C0FC1BB4571F274540
Nuvera Corporate Headquarters	129 Concord Rd	Billerica	1821	42.549221	-71.284134	33476	0101000020E6100000A06B5F402FD251C062A3ACDF4C464540
Los Angeles International Airport	10400 Aviation Blvd	Los Angeles	90045	33.941383	-118.377866	33581	0101000020E61000004D11E0F42E985DC05401F73C7FF84040
Camp Pendleton	Camp Pendleton Marine Corp Base	Oceanside	92054	33.21444166	-117.3870303	33582	0101000020E6100000E943BC1AC5585DC0CB4C06D3729B4040
SunHydro - Wallingford	10 Technology Dr	Wallingford	6492	41.490507	-72.760932	41135	0101000020E6100000B69E211CB33052C0C3BAF1EEC8BE4440
Applied Research Center	860 Bettis Academy Rd	Graniteville	29829	33.622806	-81.838273	41136	0101000020E6100000AB07CC43A67554C054E0641BB8CF4040
Messer - Emeryville	1172 45th St	Emeryville	94608	37.83426758	-122.2815812	48407	0101000020E6100000C84A276D05925EC0461BB247C9EA4240
Air Liquide - Research and Development Center	200 Gbc Dr	Newark	19702	39.611522	-75.739514	60205	0101000020E6100000C93B873254EF52C06B64575A46CE4340
Town of Hempstead - Department of Conservation & Waterways	1401 Lido Blvd	Point Lookout	11569	40.592118	-73.585241	61099	0101000020E6100000D0D1AA96746552C0BCAFCA85CA4B4440
Honda MC Formula Station	1900 Harpers Way	Torrance	90501	33.843799	-118.313324	61710	0101000020E610000052431B800D945DC0E1B20A9B01EC4040
Air Liquide - Palo Alto	3601 El Camino Real	Palo Alto	94306	37.418914	-122.133104	61950	0101000020E6100000E0BDA3C684885EC014EB54F99EB54240
Air Liquide - Anaheim	3731 E La Palma Ave	Anaheim	92806	33.855862	-117.837744	61967	0101000020E6100000E59A02999D755DC0D0F1D1E28CED4040
Air Products and Chemicals Inc - Los Angeles	7751 Beverly Blvd	Los Angeles	90036	34.076363	-118.358673	61968	0101000020E6100000533D997FF4965DC0EECF4543C6094140
California State University Los Angeles - Hydrogen Research & Fueling Facility	5151 State University Dr	Los Angeles	90032	34.0621924	-118.1736142	61970	0101000020E6100000C2C7BB7E1C8B5DC0A607AAEBF5074140
FirstElement - Campbell	2855 Winchester Blvd	Campbell	95008	37.271941	-121.954643	61972	0101000020E6100000BE16F4DE187D5EC084B872F6CEA24240
FirstElement - Coalinga	24505 W Dorris Ave	Coalinga	93210	36.25298	-120.239432	61973	0101000020E61000006A6798DA520F5EC063450DA661204240
FirstElement - Costa Mesa	2050 Harbor Blvd	Costa Mesa	92627	33.648692	-117.918614	61974	0101000020E610000075E95F92CA7A5DC0A296E65608D34040
FirstElement - Hayward	391 W A St	Hayward	94541	37.666686	-122.106352	61975	0101000020E61000004F779E78CE865EC0BC5983F755D54240
FirstElement - La Canada Flintridge	550 Foothill Blvd	La Canada Flintridge	91011	34.200017	-118.191164	61976	0101000020E61000000B0BEE073C8C5DC070D234289A194140
FirstElement - Fremont	41700 Grimmer Blvd	Fremont	94538	37.52217	-121.968501	61977	0101000020E61000002C499EEBFB7D5EC0E6797077D6C24240
FirstElement - Lake Forest	20731 Lake Forest Dr	Lake Forest	92630	33.661543	-117.668467	61978	0101000020E610000023DDCF29C86A5DC0E9F2E670ADD44040
FirstElement - Long Beach	3401 Long Beach Blvd	Long Beach	90807	33.819222	-118.189733	61979	0101000020E6100000357EE195248C5DC0F5143944DCE84040
FirstElement - Hollywood Blvd	5700 Hollywood Blvd	Los Angeles	90028	34.101336	-118.314034	61980	0101000020E610000041F50F2219945DC028F4FA93F80C4140
FirstElement - Lincoln Blvd	8126 Lincoln Blvd	Los Angeles	90045	33.963119	-118.421458	61981	0101000020E6100000CEA8F92AF99A5DC0FF93BF7B47FB4040
FirstElement - Mill Valley	570 Redwood Hwy	Mill Valley	94941	37.888823	-122.5179817	61982	0101000020E61000004C5BB79C26A15EC06077BAF3C4F14240
FirstElement - Thousand Oaks	3102 E Thousand Oaks Blvd	Thousand Oaks	91362	34.168683	-118.835986	61983	0101000020E61000007D7A6CCB80B55DC01232906797154140
FirstElement - Del Mar	3060 Carmel Valley Rd	San Diego	92130	32.933578	-117.240016	61984	0101000020E610000012A1116C5C4F5DC0EE21E17B7F774040
FirstElement - San Jose	2101 N First St	San Jose	95131	37.37326	-121.918838	61985	0101000020E61000009C14E63DCE7A5EC0D673D2FBC6AF4240
FirstElement - Santa Barbara	150 S La Cumbre Rd	Santa Barbara	93105	34.438155	-119.751005	61986	0101000020E61000007B88467710F05DC019CA897615384140
FirstElement - Saratoga	12600 Saratoga Ave	Saratoga	95070	37.284189	-121.999331	61987	0101000020E610000041B8020AF57F5EC004711E4E60A44240
FirstElement - South Pasadena	1200 Fair Oaks Ave	South Pasadena	91030	34.111868	-118.149849	61988	0101000020E6100000A795422097895DC006BCCCB0510E4140
FirstElement - South San Francisco	248 S Airport Blvd	South San Francisco	94080	37.647933	-122.406006	61989	0101000020E6100000B5FE9600FC995EC0E57FF277EFD24240
FirstElement - Truckee	12105 Donner Pass Rd	Truckee	96161	39.324902	-120.223537	61990	0101000020E61000008A1C226E4E0E5EC0D733846396A94340
Air Products and Chemicals Inc - Lawndale	15606 Inglewood Ave	Lawndale	90260	33.889394	-118.360962	62002	0101000020E610000052465C001A975DC01BA19FA9D7F14040
Iwatani - San Ramon	4475 Norris Canyon Rd	San Ramon	94583	37.771711	-121.971556	62011	0101000020E6100000E38E37F92D7E5EC0537B116DC7E24240
Iwatani - Mountain View	830 Leong Dr	Mountain View	94043	37.405137	-122.067089	62013	0101000020E6100000F73AA92F4B845EC025B37A87DBB34240
National Renewable Energy Laboratory - Energy Systems Integration Facility	15013 Denver West Pkwy	Golden	80401	39.740236	-105.181918	62014	0101000020E61000007023658BA44B5AC033A9A10DC0DE4340
AC Transit - Oakland	1100 Seminary Ave	Oakland	94621	37.761532	-122.204613	62015	0101000020E610000088D51F61188D5EC0C26D6DE179E14240
Iwatani - San Juan Capistrano	26572 Junipero Serra Rd	San Juan Capistrano	92675	33.519722	-117.66697	62017	0101000020E6100000715AF0A2AF6A5DC08081204086C24040
Air Products and Chemicals Inc - Santa Monica	1819 Cloverfield Blvd	Santa Monica	90404	34.025325	-118.469612	62018	0101000020E6100000C9737D1F0E9E5DC0B7627FD93D034140
Air Products and Chemicals Inc - Woodland Hills	5314 Topanga Canyon Blvd	Woodland Hills	91364	34.166383	-118.605407	62022	0101000020E61000003F7100FDBEA65DC021CEC3094C154140
Ramos Oil Co - Iwatani - Shell	1515 S River Rd	West Sacramento	95691	38.569427	-121.521377	64018	0101000020E6100000BEF8A23D5E615EC0CD3AE3FBE2484340
Blue Planet Research	71-1645 Mamalahoa Hwy #2	Kailua-Kona	96740	19.808914	-155.840915	66740	0101000020E6100000E8F692C6E87A63C0CC46E7FC14CF3340
Massachusetts Bus Transit Authority - Charlestown Bus Garage	21 Arlington Ave	Boston	2129	42.387412	-71.07446	66767	0101000020E61000000D37E0F3C3C451C0FA0967B796314540
Torrington Tri-Gen	539 Technology Park Dr	Torrington	6790	41.843121	-73.081003	66848	0101000020E61000002FF834272F4552C010C99063EBEB4440
Clean Energy - Stark Area Regional Transit Authority	1600 Gateway Blvd SE	Canton	44707	40.78093	-81.36797	70260	0101000020E61000002FFA0AD28C5754C08E3BA583F5634440
Mass Transportation Authority - Grand Blanc Alternative Fueling Center	5091 S Dort Hwy	Flint	48507	42.957467	-83.652711	73480	0101000020E610000053AF5B04C6E954C0E7FF55478E7A4540
SERVCO	2850 Pukoloa St	Honolulu	96819	21.343935	-157.897062	82474	0101000020E6100000800F5EBBB4BC63C023F3C81F0C583540
Shell - San Francisco 3rd St	551 3rd St	San Francisco	94107	37.780625	-122.394922	88307	0101000020E6100000239EEC6646995EC052B81E85EBE34240
Shell - San Francisco Mission St	3550 Mission St	San Francisco	94110	37.740188	-122.423654	88308	0101000020E610000074B4AA251D9B5EC02272FA7ABEDE4240
Shell - San Francisco Harrison St	1201 Harrison St	San Francisco	94103	37.773345	-122.408478	88310	0101000020E6100000ACC8E880249A5EC037C30DF8FCE24240
True Zero - FirstElement - Oakland	350 Grand Ave	Oakland	94610	37.809238	-122.255662	88315	0101000020E61000001E3526C45C905EC019575C1C95E74240
Shell - Sacramento	3510 Fair Oaks Blvd	Sacramento	95864	38.573852	-121.382464	88318	0101000020E61000006EF9484A7A585EC0425F7AFB73494340
Shell - Citrus Heights	6141 Greenback Ln	Citrus Heights	95621	38.679592	-121.320589	88320	0101000020E6100000459DB98784545EC0C64FE3DEFC564340
Fort Lewis	McKinley Ave & Garfield St	Fort Lewis	98433	47.10579	-122.539	102640	0101000020E6100000D122DBF97EA25EC0361FD7868A8D4740
AC Transit - Emeryville	1172 45th St	Emeryville	94608	37.83421674	-122.2815383	121860	0101000020E610000092C437B904925EC0B209389DC7EA4240
Nel - Nikola	4141 E Broadway Rd	Phoenix	85040	33.406218	-111.99245	122225	0101000020E6100000933A014D84FF5BC0F58590F3FEB34040
South Coast Air Quality Management District - Diamond Bar	21865 Copley Dr	Diamond Bar	91765	34.001326	-117.830482	153941	0101000020E6100000AB7AF99D26755DC037514B732B004140
Trillium - Orange County Transportation Authority - Santa Ana	4301 E MacArthur Blvd	Santa Ana	92704	33.70336	-117.926877	153942	0101000020E6100000899AE8F3517B5DC044A852B307DA4040
\.


--
-- Data for Name: leftjoin1; Type: TABLE DATA; Schema: public; Owner: user
--

COPY public.leftjoin1 (id1, id2, lat, lon) FROM stdin;
21796	27339	33.812361	-116.395444
21796	30131	33.812361	-116.395444
21796	33581	33.812361	-116.395444
21796	33582	33.812361	-116.395444
21796	61710	33.812361	-116.395444
21796	61967	33.812361	-116.395444
21796	61968	33.812361	-116.395444
21796	61970	33.812361	-116.395444
21796	61972	33.812361	-116.395444
21796	61973	33.812361	-116.395444
21796	61974	33.812361	-116.395444
21796	61976	33.812361	-116.395444
21796	61978	33.812361	-116.395444
21796	61979	33.812361	-116.395444
21796	61980	33.812361	-116.395444
21796	61981	33.812361	-116.395444
21796	61983	33.812361	-116.395444
21796	61984	33.812361	-116.395444
21796	61985	33.812361	-116.395444
21796	61986	33.812361	-116.395444
21796	61987	33.812361	-116.395444
21796	61988	33.812361	-116.395444
21796	62002	33.812361	-116.395444
21796	62017	33.812361	-116.395444
21796	62018	33.812361	-116.395444
21796	62022	33.812361	-116.395444
21796	122225	33.812361	-116.395444
21796	153941	33.812361	-116.395444
21796	153942	33.812361	-116.395444
27339	30131	33.663511	-117.856388
27339	33581	33.663511	-117.856388
27339	33582	33.663511	-117.856388
27339	48407	33.663511	-117.856388
27339	61710	33.663511	-117.856388
27339	61950	33.663511	-117.856388
27339	61967	33.663511	-117.856388
27339	61968	33.663511	-117.856388
27339	61970	33.663511	-117.856388
27339	61972	33.663511	-117.856388
27339	61973	33.663511	-117.856388
27339	61974	33.663511	-117.856388
27339	61975	33.663511	-117.856388
27339	61976	33.663511	-117.856388
27339	61977	33.663511	-117.856388
27339	61978	33.663511	-117.856388
27339	61979	33.663511	-117.856388
27339	61980	33.663511	-117.856388
27339	61981	33.663511	-117.856388
27339	61982	33.663511	-117.856388
27339	61983	33.663511	-117.856388
27339	61984	33.663511	-117.856388
27339	61985	33.663511	-117.856388
27339	61986	33.663511	-117.856388
27339	61987	33.663511	-117.856388
27339	61988	33.663511	-117.856388
27339	61989	33.663511	-117.856388
27339	62002	33.663511	-117.856388
27339	62011	33.663511	-117.856388
27339	62013	33.663511	-117.856388
27339	62015	33.663511	-117.856388
27339	62017	33.663511	-117.856388
27339	62018	33.663511	-117.856388
27339	62022	33.663511	-117.856388
27339	64018	33.663511	-117.856388
27339	88307	33.663511	-117.856388
27339	88308	33.663511	-117.856388
27339	88310	33.663511	-117.856388
27339	88315	33.663511	-117.856388
27339	88318	33.663511	-117.856388
27339	88320	33.663511	-117.856388
27339	121860	33.663511	-117.856388
27339	122225	33.663511	-117.856388
27339	153941	33.663511	-117.856388
27339	153942	33.663511	-117.856388
30131	33581	33.858556	-118.31461
30131	33582	33.858556	-118.31461
30131	48407	33.858556	-118.31461
30131	61710	33.858556	-118.31461
30131	61950	33.858556	-118.31461
30131	61967	33.858556	-118.31461
30131	61968	33.858556	-118.31461
30131	61970	33.858556	-118.31461
30131	61972	33.858556	-118.31461
30131	61973	33.858556	-118.31461
30131	61974	33.858556	-118.31461
30131	61975	33.858556	-118.31461
30131	61976	33.858556	-118.31461
30131	61977	33.858556	-118.31461
30131	61978	33.858556	-118.31461
30131	61979	33.858556	-118.31461
30131	61980	33.858556	-118.31461
30131	61981	33.858556	-118.31461
30131	61982	33.858556	-118.31461
30131	61983	33.858556	-118.31461
30131	61984	33.858556	-118.31461
30131	61985	33.858556	-118.31461
30131	61986	33.858556	-118.31461
30131	61987	33.858556	-118.31461
30131	61988	33.858556	-118.31461
30131	61989	33.858556	-118.31461
30131	61990	33.858556	-118.31461
30131	62002	33.858556	-118.31461
30131	62011	33.858556	-118.31461
30131	62013	33.858556	-118.31461
30131	62015	33.858556	-118.31461
30131	62017	33.858556	-118.31461
30131	62018	33.858556	-118.31461
30131	62022	33.858556	-118.31461
30131	64018	33.858556	-118.31461
30131	88307	33.858556	-118.31461
30131	88308	33.858556	-118.31461
30131	88310	33.858556	-118.31461
30131	88315	33.858556	-118.31461
30131	88318	33.858556	-118.31461
30131	88320	33.858556	-118.31461
30131	121860	33.858556	-118.31461
30131	122225	33.858556	-118.31461
30131	153941	33.858556	-118.31461
30131	153942	33.858556	-118.31461
33062	70260	42.305644	-83.162105
33062	73480	42.305644	-83.162105
33476	41135	42.549221	-71.284134
33476	60205	42.549221	-71.284134
33476	61099	42.549221	-71.284134
33476	66767	42.549221	-71.284134
33476	66848	42.549221	-71.284134
33581	33582	33.941383	-118.377866
33581	48407	33.941383	-118.377866
33581	61710	33.941383	-118.377866
33581	61950	33.941383	-118.377866
33581	61967	33.941383	-118.377866
33581	61968	33.941383	-118.377866
33581	61970	33.941383	-118.377866
33581	61972	33.941383	-118.377866
33581	61973	33.941383	-118.377866
33581	61974	33.941383	-118.377866
33581	61975	33.941383	-118.377866
33581	61976	33.941383	-118.377866
33581	61977	33.941383	-118.377866
33581	61978	33.941383	-118.377866
33581	61979	33.941383	-118.377866
33581	61980	33.941383	-118.377866
33581	61981	33.941383	-118.377866
33581	61982	33.941383	-118.377866
33581	61983	33.941383	-118.377866
33581	61984	33.941383	-118.377866
33581	61985	33.941383	-118.377866
33581	61986	33.941383	-118.377866
33581	61987	33.941383	-118.377866
33581	61988	33.941383	-118.377866
33581	61989	33.941383	-118.377866
33581	61990	33.941383	-118.377866
33581	62002	33.941383	-118.377866
33581	62011	33.941383	-118.377866
33581	62013	33.941383	-118.377866
33581	62015	33.941383	-118.377866
33581	62017	33.941383	-118.377866
33581	62018	33.941383	-118.377866
33581	62022	33.941383	-118.377866
33581	64018	33.941383	-118.377866
33581	88307	33.941383	-118.377866
33581	88308	33.941383	-118.377866
33581	88310	33.941383	-118.377866
33581	88315	33.941383	-118.377866
33581	88318	33.941383	-118.377866
33581	88320	33.941383	-118.377866
33581	121860	33.941383	-118.377866
33581	122225	33.941383	-118.377866
33581	153941	33.941383	-118.377866
33581	153942	33.941383	-118.377866
33582	61710	33.21444166	-117.3870303
33582	61950	33.21444166	-117.3870303
33582	61967	33.21444166	-117.3870303
33582	61968	33.21444166	-117.3870303
33582	61970	33.21444166	-117.3870303
33582	61972	33.21444166	-117.3870303
33582	61973	33.21444166	-117.3870303
33582	61974	33.21444166	-117.3870303
33582	61976	33.21444166	-117.3870303
33582	61977	33.21444166	-117.3870303
33582	61978	33.21444166	-117.3870303
33582	61979	33.21444166	-117.3870303
33582	61980	33.21444166	-117.3870303
33582	61981	33.21444166	-117.3870303
33582	61983	33.21444166	-117.3870303
33582	61984	33.21444166	-117.3870303
33582	61985	33.21444166	-117.3870303
33582	61986	33.21444166	-117.3870303
33582	61987	33.21444166	-117.3870303
33582	61988	33.21444166	-117.3870303
33582	62002	33.21444166	-117.3870303
33582	62013	33.21444166	-117.3870303
33582	62017	33.21444166	-117.3870303
33582	62018	33.21444166	-117.3870303
33582	62022	33.21444166	-117.3870303
33582	122225	33.21444166	-117.3870303
33582	153941	33.21444166	-117.3870303
33582	153942	33.21444166	-117.3870303
41135	60205	41.490507	-72.760932
41135	61099	41.490507	-72.760932
41135	66767	41.490507	-72.760932
41135	66848	41.490507	-72.760932
48407	61710	37.83426758	-122.2815812
48407	61950	37.83426758	-122.2815812
48407	61967	37.83426758	-122.2815812
48407	61968	37.83426758	-122.2815812
48407	61970	37.83426758	-122.2815812
48407	61972	37.83426758	-122.2815812
48407	61973	37.83426758	-122.2815812
48407	61974	37.83426758	-122.2815812
48407	61975	37.83426758	-122.2815812
48407	61976	37.83426758	-122.2815812
48407	61977	37.83426758	-122.2815812
48407	61978	37.83426758	-122.2815812
48407	61979	37.83426758	-122.2815812
48407	61980	37.83426758	-122.2815812
48407	61981	37.83426758	-122.2815812
48407	61982	37.83426758	-122.2815812
48407	61983	37.83426758	-122.2815812
48407	61985	37.83426758	-122.2815812
48407	61986	37.83426758	-122.2815812
48407	61987	37.83426758	-122.2815812
48407	61988	37.83426758	-122.2815812
48407	61989	37.83426758	-122.2815812
48407	61990	37.83426758	-122.2815812
48407	62002	37.83426758	-122.2815812
48407	62011	37.83426758	-122.2815812
48407	62013	37.83426758	-122.2815812
48407	62015	37.83426758	-122.2815812
48407	62017	37.83426758	-122.2815812
48407	62018	37.83426758	-122.2815812
48407	62022	37.83426758	-122.2815812
48407	64018	37.83426758	-122.2815812
48407	88307	37.83426758	-122.2815812
48407	88308	37.83426758	-122.2815812
48407	88310	37.83426758	-122.2815812
48407	88315	37.83426758	-122.2815812
48407	88318	37.83426758	-122.2815812
48407	88320	37.83426758	-122.2815812
48407	121860	37.83426758	-122.2815812
48407	153941	37.83426758	-122.2815812
48407	153942	37.83426758	-122.2815812
60205	61099	39.611522	-75.739514
60205	66767	39.611522	-75.739514
60205	66848	39.611522	-75.739514
60205	70260	39.611522	-75.739514
61099	66767	40.592118	-73.585241
61099	66848	40.592118	-73.585241
61710	61950	33.843799	-118.313324
61710	61967	33.843799	-118.313324
61710	61968	33.843799	-118.313324
61710	61970	33.843799	-118.313324
61710	61972	33.843799	-118.313324
61710	61973	33.843799	-118.313324
61710	61974	33.843799	-118.313324
61710	61975	33.843799	-118.313324
61710	61976	33.843799	-118.313324
61710	61977	33.843799	-118.313324
61710	61978	33.843799	-118.313324
61710	61979	33.843799	-118.313324
61710	61980	33.843799	-118.313324
61710	61981	33.843799	-118.313324
61710	61982	33.843799	-118.313324
61710	61983	33.843799	-118.313324
61710	61984	33.843799	-118.313324
61710	61985	33.843799	-118.313324
61710	61986	33.843799	-118.313324
61710	61987	33.843799	-118.313324
61710	61988	33.843799	-118.313324
61710	61989	33.843799	-118.313324
61710	61990	33.843799	-118.313324
61710	62002	33.843799	-118.313324
61710	62011	33.843799	-118.313324
61710	62013	33.843799	-118.313324
61710	62015	33.843799	-118.313324
61710	62017	33.843799	-118.313324
61710	62018	33.843799	-118.313324
61710	62022	33.843799	-118.313324
61710	64018	33.843799	-118.313324
61710	88307	33.843799	-118.313324
61710	88308	33.843799	-118.313324
61710	88310	33.843799	-118.313324
61710	88315	33.843799	-118.313324
61710	88318	33.843799	-118.313324
61710	88320	33.843799	-118.313324
61710	121860	33.843799	-118.313324
61710	122225	33.843799	-118.313324
61710	153941	33.843799	-118.313324
61710	153942	33.843799	-118.313324
61950	61967	37.418914	-122.133104
61950	61968	37.418914	-122.133104
61950	61970	37.418914	-122.133104
61950	61972	37.418914	-122.133104
61950	61973	37.418914	-122.133104
61950	61974	37.418914	-122.133104
61950	61975	37.418914	-122.133104
61950	61976	37.418914	-122.133104
61950	61977	37.418914	-122.133104
61950	61978	37.418914	-122.133104
61950	61979	37.418914	-122.133104
61950	61980	37.418914	-122.133104
61950	61981	37.418914	-122.133104
61950	61982	37.418914	-122.133104
61950	61983	37.418914	-122.133104
61950	61985	37.418914	-122.133104
61950	61986	37.418914	-122.133104
61950	61987	37.418914	-122.133104
61950	61988	37.418914	-122.133104
61950	61989	37.418914	-122.133104
61950	61990	37.418914	-122.133104
61950	62002	37.418914	-122.133104
61950	62011	37.418914	-122.133104
61950	62013	37.418914	-122.133104
61950	62015	37.418914	-122.133104
61950	62017	37.418914	-122.133104
61950	62018	37.418914	-122.133104
61950	62022	37.418914	-122.133104
61950	64018	37.418914	-122.133104
61950	88307	37.418914	-122.133104
61950	88308	37.418914	-122.133104
61950	88310	37.418914	-122.133104
61950	88315	37.418914	-122.133104
61950	88318	37.418914	-122.133104
61950	88320	37.418914	-122.133104
61950	121860	37.418914	-122.133104
61950	153941	37.418914	-122.133104
61950	153942	37.418914	-122.133104
61967	61968	33.855862	-117.837744
61967	61970	33.855862	-117.837744
61967	61972	33.855862	-117.837744
61967	61973	33.855862	-117.837744
61967	61974	33.855862	-117.837744
61967	61975	33.855862	-117.837744
61967	61976	33.855862	-117.837744
61967	61977	33.855862	-117.837744
61967	61978	33.855862	-117.837744
61967	61979	33.855862	-117.837744
61967	61980	33.855862	-117.837744
61967	61981	33.855862	-117.837744
61967	61982	33.855862	-117.837744
61967	61983	33.855862	-117.837744
61967	61984	33.855862	-117.837744
61967	61985	33.855862	-117.837744
61967	61986	33.855862	-117.837744
61967	61987	33.855862	-117.837744
61967	61988	33.855862	-117.837744
61967	61989	33.855862	-117.837744
61967	61990	33.855862	-117.837744
61967	62002	33.855862	-117.837744
61967	62011	33.855862	-117.837744
61967	62013	33.855862	-117.837744
61967	62015	33.855862	-117.837744
61967	62017	33.855862	-117.837744
61967	62018	33.855862	-117.837744
61967	62022	33.855862	-117.837744
61967	64018	33.855862	-117.837744
61967	88307	33.855862	-117.837744
61967	88308	33.855862	-117.837744
61967	88310	33.855862	-117.837744
61967	88315	33.855862	-117.837744
61967	88318	33.855862	-117.837744
61967	88320	33.855862	-117.837744
61967	121860	33.855862	-117.837744
61967	122225	33.855862	-117.837744
61967	153941	33.855862	-117.837744
61967	153942	33.855862	-117.837744
61968	61970	34.076363	-118.358673
61968	61972	34.076363	-118.358673
61968	61973	34.076363	-118.358673
61968	61974	34.076363	-118.358673
61968	61975	34.076363	-118.358673
61968	61976	34.076363	-118.358673
61968	61977	34.076363	-118.358673
61968	61978	34.076363	-118.358673
61968	61979	34.076363	-118.358673
61968	61980	34.076363	-118.358673
61968	61981	34.076363	-118.358673
61968	61982	34.076363	-118.358673
61968	61983	34.076363	-118.358673
61968	61984	34.076363	-118.358673
61968	61985	34.076363	-118.358673
61968	61986	34.076363	-118.358673
61968	61987	34.076363	-118.358673
61968	61988	34.076363	-118.358673
61968	61989	34.076363	-118.358673
61968	61990	34.076363	-118.358673
61968	62002	34.076363	-118.358673
61968	62011	34.076363	-118.358673
61968	62013	34.076363	-118.358673
61968	62015	34.076363	-118.358673
61968	62017	34.076363	-118.358673
61968	62018	34.076363	-118.358673
61968	62022	34.076363	-118.358673
61968	64018	34.076363	-118.358673
61968	88307	34.076363	-118.358673
61968	88308	34.076363	-118.358673
61968	88310	34.076363	-118.358673
61968	88315	34.076363	-118.358673
61968	88318	34.076363	-118.358673
61968	88320	34.076363	-118.358673
61968	121860	34.076363	-118.358673
61968	122225	34.076363	-118.358673
61968	153941	34.076363	-118.358673
61968	153942	34.076363	-118.358673
61970	61972	34.0621924	-118.1736142
61970	61973	34.0621924	-118.1736142
61970	61974	34.0621924	-118.1736142
61970	61975	34.0621924	-118.1736142
61970	61976	34.0621924	-118.1736142
61970	61977	34.0621924	-118.1736142
61970	61978	34.0621924	-118.1736142
61970	61979	34.0621924	-118.1736142
61970	61980	34.0621924	-118.1736142
61970	61981	34.0621924	-118.1736142
61970	61982	34.0621924	-118.1736142
61970	61983	34.0621924	-118.1736142
61970	61984	34.0621924	-118.1736142
61970	61985	34.0621924	-118.1736142
61970	61986	34.0621924	-118.1736142
61970	61987	34.0621924	-118.1736142
61970	61988	34.0621924	-118.1736142
61970	61989	34.0621924	-118.1736142
61970	61990	34.0621924	-118.1736142
61970	62002	34.0621924	-118.1736142
61970	62011	34.0621924	-118.1736142
61970	62013	34.0621924	-118.1736142
61970	62015	34.0621924	-118.1736142
61970	62017	34.0621924	-118.1736142
61970	62018	34.0621924	-118.1736142
61970	62022	34.0621924	-118.1736142
61970	64018	34.0621924	-118.1736142
61970	88307	34.0621924	-118.1736142
61970	88308	34.0621924	-118.1736142
61970	88310	34.0621924	-118.1736142
61970	88315	34.0621924	-118.1736142
61970	88318	34.0621924	-118.1736142
61970	88320	34.0621924	-118.1736142
61970	121860	34.0621924	-118.1736142
61970	122225	34.0621924	-118.1736142
61970	153941	34.0621924	-118.1736142
61970	153942	34.0621924	-118.1736142
61972	61973	37.271941	-121.954643
61972	61974	37.271941	-121.954643
61972	61975	37.271941	-121.954643
61972	61976	37.271941	-121.954643
61972	61977	37.271941	-121.954643
61972	61978	37.271941	-121.954643
61972	61979	37.271941	-121.954643
61972	61980	37.271941	-121.954643
61972	61981	37.271941	-121.954643
61972	61982	37.271941	-121.954643
61972	61983	37.271941	-121.954643
61972	61985	37.271941	-121.954643
61972	61986	37.271941	-121.954643
61972	61987	37.271941	-121.954643
61972	61988	37.271941	-121.954643
61972	61989	37.271941	-121.954643
61972	61990	37.271941	-121.954643
61972	62002	37.271941	-121.954643
61972	62011	37.271941	-121.954643
61972	62013	37.271941	-121.954643
61972	62015	37.271941	-121.954643
61972	62017	37.271941	-121.954643
61972	62018	37.271941	-121.954643
61972	62022	37.271941	-121.954643
61972	64018	37.271941	-121.954643
61972	88307	37.271941	-121.954643
61972	88308	37.271941	-121.954643
61972	88310	37.271941	-121.954643
61972	88315	37.271941	-121.954643
61972	88318	37.271941	-121.954643
61972	88320	37.271941	-121.954643
61972	121860	37.271941	-121.954643
61972	153941	37.271941	-121.954643
61972	153942	37.271941	-121.954643
61973	61974	36.25298	-120.239432
61973	61975	36.25298	-120.239432
61973	61976	36.25298	-120.239432
61973	61977	36.25298	-120.239432
61973	61978	36.25298	-120.239432
61973	61979	36.25298	-120.239432
61973	61980	36.25298	-120.239432
61973	61981	36.25298	-120.239432
61973	61982	36.25298	-120.239432
61973	61983	36.25298	-120.239432
61973	61984	36.25298	-120.239432
61973	61985	36.25298	-120.239432
61973	61986	36.25298	-120.239432
61973	61987	36.25298	-120.239432
61973	61988	36.25298	-120.239432
61973	61989	36.25298	-120.239432
61973	61990	36.25298	-120.239432
61973	62002	36.25298	-120.239432
61973	62011	36.25298	-120.239432
61973	62013	36.25298	-120.239432
61973	62015	36.25298	-120.239432
61973	62017	36.25298	-120.239432
61973	62018	36.25298	-120.239432
61973	62022	36.25298	-120.239432
61973	64018	36.25298	-120.239432
61973	88307	36.25298	-120.239432
61973	88308	36.25298	-120.239432
61973	88310	36.25298	-120.239432
61973	88315	36.25298	-120.239432
61973	88318	36.25298	-120.239432
61973	88320	36.25298	-120.239432
61973	121860	36.25298	-120.239432
61973	153941	36.25298	-120.239432
61973	153942	36.25298	-120.239432
61974	61975	33.648692	-117.918614
61974	61976	33.648692	-117.918614
61974	61977	33.648692	-117.918614
61974	61978	33.648692	-117.918614
61974	61979	33.648692	-117.918614
61974	61980	33.648692	-117.918614
61974	61981	33.648692	-117.918614
61974	61982	33.648692	-117.918614
61974	61983	33.648692	-117.918614
61974	61984	33.648692	-117.918614
61974	61985	33.648692	-117.918614
61974	61986	33.648692	-117.918614
61974	61987	33.648692	-117.918614
61974	61988	33.648692	-117.918614
61974	61989	33.648692	-117.918614
61974	62002	33.648692	-117.918614
61974	62011	33.648692	-117.918614
61974	62013	33.648692	-117.918614
61974	62015	33.648692	-117.918614
61974	62017	33.648692	-117.918614
61974	62018	33.648692	-117.918614
61974	62022	33.648692	-117.918614
61974	64018	33.648692	-117.918614
61974	88307	33.648692	-117.918614
61974	88308	33.648692	-117.918614
61974	88310	33.648692	-117.918614
61974	88315	33.648692	-117.918614
61974	88318	33.648692	-117.918614
61974	88320	33.648692	-117.918614
61974	121860	33.648692	-117.918614
61974	122225	33.648692	-117.918614
61974	153941	33.648692	-117.918614
61974	153942	33.648692	-117.918614
61975	61976	37.666686	-122.106352
61975	61977	37.666686	-122.106352
61975	61978	37.666686	-122.106352
61975	61979	37.666686	-122.106352
61975	61980	37.666686	-122.106352
61975	61981	37.666686	-122.106352
61975	61982	37.666686	-122.106352
61975	61983	37.666686	-122.106352
61975	61985	37.666686	-122.106352
61975	61986	37.666686	-122.106352
61975	61987	37.666686	-122.106352
61975	61988	37.666686	-122.106352
61975	61989	37.666686	-122.106352
61975	61990	37.666686	-122.106352
61975	62002	37.666686	-122.106352
61975	62011	37.666686	-122.106352
61975	62013	37.666686	-122.106352
61975	62015	37.666686	-122.106352
61975	62017	37.666686	-122.106352
61975	62018	37.666686	-122.106352
61975	62022	37.666686	-122.106352
61975	64018	37.666686	-122.106352
61975	88307	37.666686	-122.106352
61975	88308	37.666686	-122.106352
61975	88310	37.666686	-122.106352
61975	88315	37.666686	-122.106352
61975	88318	37.666686	-122.106352
61975	88320	37.666686	-122.106352
61975	121860	37.666686	-122.106352
61975	153941	37.666686	-122.106352
61975	153942	37.666686	-122.106352
61976	61977	34.200017	-118.191164
61976	61978	34.200017	-118.191164
61976	61979	34.200017	-118.191164
61976	61980	34.200017	-118.191164
61976	61981	34.200017	-118.191164
61976	61982	34.200017	-118.191164
61976	61983	34.200017	-118.191164
61976	61984	34.200017	-118.191164
61976	61985	34.200017	-118.191164
61976	61986	34.200017	-118.191164
61976	61987	34.200017	-118.191164
61976	61988	34.200017	-118.191164
61976	61989	34.200017	-118.191164
61976	61990	34.200017	-118.191164
61976	62002	34.200017	-118.191164
61976	62011	34.200017	-118.191164
61976	62013	34.200017	-118.191164
61976	62015	34.200017	-118.191164
61976	62017	34.200017	-118.191164
61976	62018	34.200017	-118.191164
61976	62022	34.200017	-118.191164
61976	64018	34.200017	-118.191164
61976	88307	34.200017	-118.191164
61976	88308	34.200017	-118.191164
61976	88310	34.200017	-118.191164
61976	88315	34.200017	-118.191164
61976	88318	34.200017	-118.191164
61976	88320	34.200017	-118.191164
61976	121860	34.200017	-118.191164
61976	122225	34.200017	-118.191164
61976	153941	34.200017	-118.191164
61976	153942	34.200017	-118.191164
61977	61978	37.52217	-121.968501
61977	61979	37.52217	-121.968501
61977	61980	37.52217	-121.968501
61977	61981	37.52217	-121.968501
61977	61982	37.52217	-121.968501
61977	61983	37.52217	-121.968501
61977	61985	37.52217	-121.968501
61977	61986	37.52217	-121.968501
61977	61987	37.52217	-121.968501
61977	61988	37.52217	-121.968501
61977	61989	37.52217	-121.968501
61977	61990	37.52217	-121.968501
61977	62002	37.52217	-121.968501
61977	62011	37.52217	-121.968501
61977	62013	37.52217	-121.968501
61977	62015	37.52217	-121.968501
61977	62017	37.52217	-121.968501
61977	62018	37.52217	-121.968501
61977	62022	37.52217	-121.968501
61977	64018	37.52217	-121.968501
61977	88307	37.52217	-121.968501
61977	88308	37.52217	-121.968501
61977	88310	37.52217	-121.968501
61977	88315	37.52217	-121.968501
61977	88318	37.52217	-121.968501
61977	88320	37.52217	-121.968501
61977	121860	37.52217	-121.968501
61977	153941	37.52217	-121.968501
61977	153942	37.52217	-121.968501
61978	61979	33.661543	-117.668467
61978	61980	33.661543	-117.668467
61978	61981	33.661543	-117.668467
61978	61982	33.661543	-117.668467
61978	61983	33.661543	-117.668467
61978	61984	33.661543	-117.668467
61978	61985	33.661543	-117.668467
61978	61986	33.661543	-117.668467
61978	61987	33.661543	-117.668467
61978	61988	33.661543	-117.668467
61978	61989	33.661543	-117.668467
61978	62002	33.661543	-117.668467
61978	62011	33.661543	-117.668467
61978	62013	33.661543	-117.668467
61978	62015	33.661543	-117.668467
61978	62017	33.661543	-117.668467
61978	62018	33.661543	-117.668467
61978	62022	33.661543	-117.668467
61978	88307	33.661543	-117.668467
61978	88308	33.661543	-117.668467
61978	88310	33.661543	-117.668467
61978	88315	33.661543	-117.668467
61978	88318	33.661543	-117.668467
61978	121860	33.661543	-117.668467
61978	122225	33.661543	-117.668467
61978	153941	33.661543	-117.668467
61978	153942	33.661543	-117.668467
61979	61980	33.819222	-118.189733
61979	61981	33.819222	-118.189733
61979	61982	33.819222	-118.189733
61979	61983	33.819222	-118.189733
61979	61984	33.819222	-118.189733
61979	61985	33.819222	-118.189733
61979	61986	33.819222	-118.189733
61979	61987	33.819222	-118.189733
61979	61988	33.819222	-118.189733
61979	61989	33.819222	-118.189733
61979	61990	33.819222	-118.189733
61979	62002	33.819222	-118.189733
61979	62011	33.819222	-118.189733
61979	62013	33.819222	-118.189733
61979	62015	33.819222	-118.189733
61979	62017	33.819222	-118.189733
61979	62018	33.819222	-118.189733
61979	62022	33.819222	-118.189733
61979	64018	33.819222	-118.189733
61979	88307	33.819222	-118.189733
61979	88308	33.819222	-118.189733
61979	88310	33.819222	-118.189733
61979	88315	33.819222	-118.189733
61979	88318	33.819222	-118.189733
61979	88320	33.819222	-118.189733
61979	121860	33.819222	-118.189733
61979	122225	33.819222	-118.189733
61979	153941	33.819222	-118.189733
61979	153942	33.819222	-118.189733
61980	61981	34.101336	-118.314034
61980	61982	34.101336	-118.314034
61980	61983	34.101336	-118.314034
61980	61984	34.101336	-118.314034
61980	61985	34.101336	-118.314034
61980	61986	34.101336	-118.314034
61980	61987	34.101336	-118.314034
61980	61988	34.101336	-118.314034
61980	61989	34.101336	-118.314034
61980	61990	34.101336	-118.314034
61980	62002	34.101336	-118.314034
61980	62011	34.101336	-118.314034
61980	62013	34.101336	-118.314034
61980	62015	34.101336	-118.314034
61980	62017	34.101336	-118.314034
61980	62018	34.101336	-118.314034
61980	62022	34.101336	-118.314034
61980	64018	34.101336	-118.314034
61980	88307	34.101336	-118.314034
61980	88308	34.101336	-118.314034
61980	88310	34.101336	-118.314034
61980	88315	34.101336	-118.314034
61980	88318	34.101336	-118.314034
61980	88320	34.101336	-118.314034
61980	121860	34.101336	-118.314034
61980	122225	34.101336	-118.314034
61980	153941	34.101336	-118.314034
61980	153942	34.101336	-118.314034
61981	61982	33.963119	-118.421458
61981	61983	33.963119	-118.421458
61981	61984	33.963119	-118.421458
61981	61985	33.963119	-118.421458
61981	61986	33.963119	-118.421458
61981	61987	33.963119	-118.421458
61981	61988	33.963119	-118.421458
61981	61989	33.963119	-118.421458
61981	61990	33.963119	-118.421458
61981	62002	33.963119	-118.421458
61981	62011	33.963119	-118.421458
61981	62013	33.963119	-118.421458
61981	62015	33.963119	-118.421458
61981	62017	33.963119	-118.421458
61981	62018	33.963119	-118.421458
61981	62022	33.963119	-118.421458
61981	64018	33.963119	-118.421458
61981	88307	33.963119	-118.421458
61981	88308	33.963119	-118.421458
61981	88310	33.963119	-118.421458
61981	88315	33.963119	-118.421458
61981	88318	33.963119	-118.421458
61981	88320	33.963119	-118.421458
61981	121860	33.963119	-118.421458
61981	122225	33.963119	-118.421458
61981	153941	33.963119	-118.421458
61981	153942	33.963119	-118.421458
61982	61983	37.888823	-122.5179817
61982	61985	37.888823	-122.5179817
61982	61986	37.888823	-122.5179817
61982	61987	37.888823	-122.5179817
61982	61988	37.888823	-122.5179817
61982	61989	37.888823	-122.5179817
61982	61990	37.888823	-122.5179817
61982	62002	37.888823	-122.5179817
61982	62011	37.888823	-122.5179817
61982	62013	37.888823	-122.5179817
61982	62015	37.888823	-122.5179817
61982	62018	37.888823	-122.5179817
61982	62022	37.888823	-122.5179817
61982	64018	37.888823	-122.5179817
61982	88307	37.888823	-122.5179817
61982	88308	37.888823	-122.5179817
61982	88310	37.888823	-122.5179817
61982	88315	37.888823	-122.5179817
61982	88318	37.888823	-122.5179817
61982	88320	37.888823	-122.5179817
61982	121860	37.888823	-122.5179817
61982	153941	37.888823	-122.5179817
61982	153942	37.888823	-122.5179817
61983	61984	34.168683	-118.835986
61983	61985	34.168683	-118.835986
61983	61986	34.168683	-118.835986
61983	61987	34.168683	-118.835986
61983	61988	34.168683	-118.835986
61983	61989	34.168683	-118.835986
61983	61990	34.168683	-118.835986
61983	62002	34.168683	-118.835986
61983	62011	34.168683	-118.835986
61983	62013	34.168683	-118.835986
61983	62015	34.168683	-118.835986
61983	62017	34.168683	-118.835986
61983	62018	34.168683	-118.835986
61983	62022	34.168683	-118.835986
61983	64018	34.168683	-118.835986
61983	88307	34.168683	-118.835986
61983	88308	34.168683	-118.835986
61983	88310	34.168683	-118.835986
61983	88315	34.168683	-118.835986
61983	88318	34.168683	-118.835986
61983	88320	34.168683	-118.835986
61983	121860	34.168683	-118.835986
61983	122225	34.168683	-118.835986
61983	153941	34.168683	-118.835986
61983	153942	34.168683	-118.835986
61984	61986	32.933578	-117.240016
61984	61988	32.933578	-117.240016
61984	62002	32.933578	-117.240016
61984	62017	32.933578	-117.240016
61984	62018	32.933578	-117.240016
61984	62022	32.933578	-117.240016
61984	122225	32.933578	-117.240016
61984	153941	32.933578	-117.240016
61984	153942	32.933578	-117.240016
61985	61986	37.37326	-121.918838
61985	61987	37.37326	-121.918838
61985	61988	37.37326	-121.918838
61985	61989	37.37326	-121.918838
61985	61990	37.37326	-121.918838
61985	62002	37.37326	-121.918838
61985	62011	37.37326	-121.918838
61985	62013	37.37326	-121.918838
61985	62015	37.37326	-121.918838
61985	62017	37.37326	-121.918838
61985	62018	37.37326	-121.918838
61985	62022	37.37326	-121.918838
61985	64018	37.37326	-121.918838
61985	88307	37.37326	-121.918838
61985	88308	37.37326	-121.918838
61985	88310	37.37326	-121.918838
61985	88315	37.37326	-121.918838
61985	88318	37.37326	-121.918838
61985	88320	37.37326	-121.918838
61985	121860	37.37326	-121.918838
61985	153941	37.37326	-121.918838
61985	153942	37.37326	-121.918838
61986	61987	34.438155	-119.751005
61986	61988	34.438155	-119.751005
61986	61989	34.438155	-119.751005
61986	61990	34.438155	-119.751005
61986	62002	34.438155	-119.751005
61986	62011	34.438155	-119.751005
61986	62013	34.438155	-119.751005
61986	62015	34.438155	-119.751005
61986	62017	34.438155	-119.751005
61986	62018	34.438155	-119.751005
61986	62022	34.438155	-119.751005
61986	64018	34.438155	-119.751005
61986	88307	34.438155	-119.751005
61986	88308	34.438155	-119.751005
61986	88310	34.438155	-119.751005
61986	88315	34.438155	-119.751005
61986	88318	34.438155	-119.751005
61986	88320	34.438155	-119.751005
61986	121860	34.438155	-119.751005
61986	153941	34.438155	-119.751005
61986	153942	34.438155	-119.751005
61987	61988	37.284189	-121.999331
61987	61989	37.284189	-121.999331
61987	61990	37.284189	-121.999331
61987	62002	37.284189	-121.999331
61987	62011	37.284189	-121.999331
61987	62013	37.284189	-121.999331
61987	62015	37.284189	-121.999331
61987	62017	37.284189	-121.999331
61987	62018	37.284189	-121.999331
61987	62022	37.284189	-121.999331
61987	64018	37.284189	-121.999331
61987	88307	37.284189	-121.999331
61987	88308	37.284189	-121.999331
61987	88310	37.284189	-121.999331
61987	88315	37.284189	-121.999331
61987	88318	37.284189	-121.999331
61987	88320	37.284189	-121.999331
61987	121860	37.284189	-121.999331
61987	153941	37.284189	-121.999331
61987	153942	37.284189	-121.999331
61988	61989	34.111868	-118.149849
61988	61990	34.111868	-118.149849
61988	62002	34.111868	-118.149849
61988	62011	34.111868	-118.149849
61988	62013	34.111868	-118.149849
61988	62015	34.111868	-118.149849
61988	62017	34.111868	-118.149849
61988	62018	34.111868	-118.149849
61988	62022	34.111868	-118.149849
61988	64018	34.111868	-118.149849
61988	88307	34.111868	-118.149849
61988	88308	34.111868	-118.149849
61988	88310	34.111868	-118.149849
61988	88315	34.111868	-118.149849
61988	88318	34.111868	-118.149849
61988	88320	34.111868	-118.149849
61988	121860	34.111868	-118.149849
61988	122225	34.111868	-118.149849
61988	153941	34.111868	-118.149849
61988	153942	34.111868	-118.149849
61989	61990	37.647933	-122.406006
61989	62002	37.647933	-122.406006
61989	62011	37.647933	-122.406006
61989	62013	37.647933	-122.406006
61989	62015	37.647933	-122.406006
61989	62017	37.647933	-122.406006
61989	62018	37.647933	-122.406006
61989	62022	37.647933	-122.406006
61989	64018	37.647933	-122.406006
61989	88307	37.647933	-122.406006
61989	88308	37.647933	-122.406006
61989	88310	37.647933	-122.406006
61989	88315	37.647933	-122.406006
61989	88318	37.647933	-122.406006
61989	88320	37.647933	-122.406006
61989	121860	37.647933	-122.406006
61989	153941	37.647933	-122.406006
61989	153942	37.647933	-122.406006
61990	62002	39.324902	-120.223537
61990	62011	39.324902	-120.223537
61990	62013	39.324902	-120.223537
61990	62015	39.324902	-120.223537
61990	62018	39.324902	-120.223537
61990	62022	39.324902	-120.223537
61990	64018	39.324902	-120.223537
61990	88307	39.324902	-120.223537
61990	88308	39.324902	-120.223537
61990	88310	39.324902	-120.223537
61990	88315	39.324902	-120.223537
61990	88318	39.324902	-120.223537
61990	88320	39.324902	-120.223537
61990	121860	39.324902	-120.223537
61990	153941	39.324902	-120.223537
62002	62011	33.889394	-118.360962
62002	62013	33.889394	-118.360962
62002	62015	33.889394	-118.360962
62002	62017	33.889394	-118.360962
62002	62018	33.889394	-118.360962
62002	62022	33.889394	-118.360962
62002	64018	33.889394	-118.360962
62002	88307	33.889394	-118.360962
62002	88308	33.889394	-118.360962
62002	88310	33.889394	-118.360962
62002	88315	33.889394	-118.360962
62002	88318	33.889394	-118.360962
62002	88320	33.889394	-118.360962
62002	121860	33.889394	-118.360962
62002	122225	33.889394	-118.360962
62002	153941	33.889394	-118.360962
62002	153942	33.889394	-118.360962
62011	62013	37.771711	-121.971556
62011	62015	37.771711	-121.971556
62011	62017	37.771711	-121.971556
62011	62018	37.771711	-121.971556
62011	62022	37.771711	-121.971556
62011	64018	37.771711	-121.971556
62011	88307	37.771711	-121.971556
62011	88308	37.771711	-121.971556
62011	88310	37.771711	-121.971556
62011	88315	37.771711	-121.971556
62011	88318	37.771711	-121.971556
62011	88320	37.771711	-121.971556
62011	121860	37.771711	-121.971556
62011	153941	37.771711	-121.971556
62011	153942	37.771711	-121.971556
62013	62015	37.405137	-122.067089
62013	62017	37.405137	-122.067089
62013	62018	37.405137	-122.067089
62013	62022	37.405137	-122.067089
62013	64018	37.405137	-122.067089
62013	88307	37.405137	-122.067089
62013	88308	37.405137	-122.067089
62013	88310	37.405137	-122.067089
62013	88315	37.405137	-122.067089
62013	88318	37.405137	-122.067089
62013	88320	37.405137	-122.067089
62013	121860	37.405137	-122.067089
62013	153941	37.405137	-122.067089
62013	153942	37.405137	-122.067089
62015	62017	37.761532	-122.204613
62015	62018	37.761532	-122.204613
62015	62022	37.761532	-122.204613
62015	64018	37.761532	-122.204613
62015	88307	37.761532	-122.204613
62015	88308	37.761532	-122.204613
62015	88310	37.761532	-122.204613
62015	88315	37.761532	-122.204613
62015	88318	37.761532	-122.204613
62015	88320	37.761532	-122.204613
62015	121860	37.761532	-122.204613
62015	153941	37.761532	-122.204613
62015	153942	37.761532	-122.204613
62017	62018	33.519722	-117.66697
62017	62022	33.519722	-117.66697
62017	88307	33.519722	-117.66697
62017	88308	33.519722	-117.66697
62017	88310	33.519722	-117.66697
62017	88315	33.519722	-117.66697
62017	121860	33.519722	-117.66697
62017	122225	33.519722	-117.66697
62017	153941	33.519722	-117.66697
62017	153942	33.519722	-117.66697
62018	62022	34.025325	-118.469612
62018	64018	34.025325	-118.469612
62018	88307	34.025325	-118.469612
62018	88308	34.025325	-118.469612
62018	88310	34.025325	-118.469612
62018	88315	34.025325	-118.469612
62018	88318	34.025325	-118.469612
62018	88320	34.025325	-118.469612
62018	121860	34.025325	-118.469612
62018	122225	34.025325	-118.469612
62018	153941	34.025325	-118.469612
62018	153942	34.025325	-118.469612
62022	64018	34.166383	-118.605407
62022	88307	34.166383	-118.605407
62022	88308	34.166383	-118.605407
62022	88310	34.166383	-118.605407
62022	88315	34.166383	-118.605407
62022	88318	34.166383	-118.605407
62022	88320	34.166383	-118.605407
62022	121860	34.166383	-118.605407
62022	122225	34.166383	-118.605407
62022	153941	34.166383	-118.605407
62022	153942	34.166383	-118.605407
64018	88307	38.569427	-121.521377
64018	88308	38.569427	-121.521377
64018	88310	38.569427	-121.521377
64018	88315	38.569427	-121.521377
64018	88318	38.569427	-121.521377
64018	88320	38.569427	-121.521377
64018	121860	38.569427	-121.521377
64018	153941	38.569427	-121.521377
64018	153942	38.569427	-121.521377
66740	82474	19.808914	-155.840915
66767	66848	42.387412	-71.07446
70260	73480	40.78093	-81.36797
88307	88308	37.780625	-122.394922
88307	88310	37.780625	-122.394922
88307	88315	37.780625	-122.394922
88307	88318	37.780625	-122.394922
88307	88320	37.780625	-122.394922
88307	121860	37.780625	-122.394922
88307	153941	37.780625	-122.394922
88307	153942	37.780625	-122.394922
88308	88310	37.740188	-122.423654
88308	88315	37.740188	-122.423654
88308	88318	37.740188	-122.423654
88308	88320	37.740188	-122.423654
88308	121860	37.740188	-122.423654
88308	153941	37.740188	-122.423654
88308	153942	37.740188	-122.423654
88310	88315	37.773345	-122.408478
88310	88318	37.773345	-122.408478
88310	88320	37.773345	-122.408478
88310	121860	37.773345	-122.408478
88310	153941	37.773345	-122.408478
88310	153942	37.773345	-122.408478
88315	88318	37.809238	-122.255662
88315	88320	37.809238	-122.255662
88315	121860	37.809238	-122.255662
88315	153941	37.809238	-122.255662
88315	153942	37.809238	-122.255662
88318	88320	38.573852	-121.382464
88318	121860	38.573852	-121.382464
88318	153941	38.573852	-121.382464
88318	153942	38.573852	-121.382464
88320	121860	38.679592	-121.320589
88320	153941	38.679592	-121.320589
88320	153942	38.679592	-121.320589
121860	153941	37.83421674	-122.2815383
121860	153942	37.83421674	-122.2815383
122225	153941	33.406218	-111.99245
122225	153942	33.406218	-111.99245
153941	153942	34.001326	-117.830482
\.


--
-- Data for Name: leftjoin2; Type: TABLE DATA; Schema: public; Owner: user
--

COPY public.leftjoin2 (id1, id2, lat1, lon1, lat2, lon2) FROM stdin;
21796	27339	33.812361	-116.395444	33.663511	-117.856388
21796	30131	33.812361	-116.395444	33.858556	-118.31461
21796	33581	33.812361	-116.395444	33.941383	-118.377866
21796	33582	33.812361	-116.395444	33.21444166	-117.3870303
21796	61710	33.812361	-116.395444	33.843799	-118.313324
21796	61967	33.812361	-116.395444	33.855862	-117.837744
21796	61968	33.812361	-116.395444	34.076363	-118.358673
21796	61970	33.812361	-116.395444	34.0621924	-118.1736142
21796	61972	33.812361	-116.395444	37.271941	-121.954643
21796	61973	33.812361	-116.395444	36.25298	-120.239432
21796	61974	33.812361	-116.395444	33.648692	-117.918614
21796	61976	33.812361	-116.395444	34.200017	-118.191164
21796	61978	33.812361	-116.395444	33.661543	-117.668467
21796	61979	33.812361	-116.395444	33.819222	-118.189733
21796	61980	33.812361	-116.395444	34.101336	-118.314034
21796	61981	33.812361	-116.395444	33.963119	-118.421458
21796	61983	33.812361	-116.395444	34.168683	-118.835986
21796	61984	33.812361	-116.395444	32.933578	-117.240016
21796	61985	33.812361	-116.395444	37.37326	-121.918838
21796	61986	33.812361	-116.395444	34.438155	-119.751005
21796	61987	33.812361	-116.395444	37.284189	-121.999331
21796	61988	33.812361	-116.395444	34.111868	-118.149849
21796	62002	33.812361	-116.395444	33.889394	-118.360962
21796	62017	33.812361	-116.395444	33.519722	-117.66697
21796	62018	33.812361	-116.395444	34.025325	-118.469612
21796	62022	33.812361	-116.395444	34.166383	-118.605407
21796	122225	33.812361	-116.395444	33.406218	-111.99245
21796	153941	33.812361	-116.395444	34.001326	-117.830482
21796	153942	33.812361	-116.395444	33.70336	-117.926877
27339	30131	33.663511	-117.856388	33.858556	-118.31461
27339	33581	33.663511	-117.856388	33.941383	-118.377866
27339	33582	33.663511	-117.856388	33.21444166	-117.3870303
27339	48407	33.663511	-117.856388	37.83426758	-122.2815812
27339	61710	33.663511	-117.856388	33.843799	-118.313324
27339	61950	33.663511	-117.856388	37.418914	-122.133104
27339	61967	33.663511	-117.856388	33.855862	-117.837744
27339	61968	33.663511	-117.856388	34.076363	-118.358673
27339	61970	33.663511	-117.856388	34.0621924	-118.1736142
27339	61972	33.663511	-117.856388	37.271941	-121.954643
27339	61973	33.663511	-117.856388	36.25298	-120.239432
27339	61974	33.663511	-117.856388	33.648692	-117.918614
27339	61975	33.663511	-117.856388	37.666686	-122.106352
27339	61976	33.663511	-117.856388	34.200017	-118.191164
27339	61977	33.663511	-117.856388	37.52217	-121.968501
27339	61978	33.663511	-117.856388	33.661543	-117.668467
27339	61979	33.663511	-117.856388	33.819222	-118.189733
27339	61980	33.663511	-117.856388	34.101336	-118.314034
27339	61981	33.663511	-117.856388	33.963119	-118.421458
27339	61982	33.663511	-117.856388	37.888823	-122.5179817
27339	61983	33.663511	-117.856388	34.168683	-118.835986
27339	61984	33.663511	-117.856388	32.933578	-117.240016
27339	61985	33.663511	-117.856388	37.37326	-121.918838
27339	61986	33.663511	-117.856388	34.438155	-119.751005
27339	61987	33.663511	-117.856388	37.284189	-121.999331
27339	61988	33.663511	-117.856388	34.111868	-118.149849
27339	61989	33.663511	-117.856388	37.647933	-122.406006
27339	62002	33.663511	-117.856388	33.889394	-118.360962
27339	62011	33.663511	-117.856388	37.771711	-121.971556
27339	62013	33.663511	-117.856388	37.405137	-122.067089
27339	62015	33.663511	-117.856388	37.761532	-122.204613
27339	62017	33.663511	-117.856388	33.519722	-117.66697
27339	62018	33.663511	-117.856388	34.025325	-118.469612
27339	62022	33.663511	-117.856388	34.166383	-118.605407
27339	64018	33.663511	-117.856388	38.569427	-121.521377
27339	88307	33.663511	-117.856388	37.780625	-122.394922
27339	88308	33.663511	-117.856388	37.740188	-122.423654
27339	88310	33.663511	-117.856388	37.773345	-122.408478
27339	88315	33.663511	-117.856388	37.809238	-122.255662
27339	88318	33.663511	-117.856388	38.573852	-121.382464
27339	88320	33.663511	-117.856388	38.679592	-121.320589
27339	121860	33.663511	-117.856388	37.83421674	-122.2815383
27339	122225	33.663511	-117.856388	33.406218	-111.99245
27339	153941	33.663511	-117.856388	34.001326	-117.830482
27339	153942	33.663511	-117.856388	33.70336	-117.926877
30131	33581	33.858556	-118.31461	33.941383	-118.377866
30131	33582	33.858556	-118.31461	33.21444166	-117.3870303
30131	48407	33.858556	-118.31461	37.83426758	-122.2815812
30131	61710	33.858556	-118.31461	33.843799	-118.313324
30131	61950	33.858556	-118.31461	37.418914	-122.133104
30131	61967	33.858556	-118.31461	33.855862	-117.837744
30131	61968	33.858556	-118.31461	34.076363	-118.358673
30131	61970	33.858556	-118.31461	34.0621924	-118.1736142
30131	61972	33.858556	-118.31461	37.271941	-121.954643
30131	61973	33.858556	-118.31461	36.25298	-120.239432
30131	61974	33.858556	-118.31461	33.648692	-117.918614
30131	61975	33.858556	-118.31461	37.666686	-122.106352
30131	61976	33.858556	-118.31461	34.200017	-118.191164
30131	61977	33.858556	-118.31461	37.52217	-121.968501
30131	61978	33.858556	-118.31461	33.661543	-117.668467
30131	61979	33.858556	-118.31461	33.819222	-118.189733
30131	61980	33.858556	-118.31461	34.101336	-118.314034
30131	61981	33.858556	-118.31461	33.963119	-118.421458
30131	61982	33.858556	-118.31461	37.888823	-122.5179817
30131	61983	33.858556	-118.31461	34.168683	-118.835986
30131	61984	33.858556	-118.31461	32.933578	-117.240016
30131	61985	33.858556	-118.31461	37.37326	-121.918838
30131	61986	33.858556	-118.31461	34.438155	-119.751005
30131	61987	33.858556	-118.31461	37.284189	-121.999331
30131	61988	33.858556	-118.31461	34.111868	-118.149849
30131	61989	33.858556	-118.31461	37.647933	-122.406006
30131	61990	33.858556	-118.31461	39.324902	-120.223537
30131	62002	33.858556	-118.31461	33.889394	-118.360962
30131	62011	33.858556	-118.31461	37.771711	-121.971556
30131	62013	33.858556	-118.31461	37.405137	-122.067089
30131	62015	33.858556	-118.31461	37.761532	-122.204613
30131	62017	33.858556	-118.31461	33.519722	-117.66697
30131	62018	33.858556	-118.31461	34.025325	-118.469612
30131	62022	33.858556	-118.31461	34.166383	-118.605407
30131	64018	33.858556	-118.31461	38.569427	-121.521377
30131	88307	33.858556	-118.31461	37.780625	-122.394922
30131	88308	33.858556	-118.31461	37.740188	-122.423654
30131	88310	33.858556	-118.31461	37.773345	-122.408478
30131	88315	33.858556	-118.31461	37.809238	-122.255662
30131	88318	33.858556	-118.31461	38.573852	-121.382464
30131	88320	33.858556	-118.31461	38.679592	-121.320589
30131	121860	33.858556	-118.31461	37.83421674	-122.2815383
30131	122225	33.858556	-118.31461	33.406218	-111.99245
30131	153941	33.858556	-118.31461	34.001326	-117.830482
30131	153942	33.858556	-118.31461	33.70336	-117.926877
33062	70260	42.305644	-83.162105	40.78093	-81.36797
33062	73480	42.305644	-83.162105	42.957467	-83.652711
33476	41135	42.549221	-71.284134	41.490507	-72.760932
33476	60205	42.549221	-71.284134	39.611522	-75.739514
33476	61099	42.549221	-71.284134	40.592118	-73.585241
33476	66767	42.549221	-71.284134	42.387412	-71.07446
33476	66848	42.549221	-71.284134	41.843121	-73.081003
33581	33582	33.941383	-118.377866	33.21444166	-117.3870303
33581	48407	33.941383	-118.377866	37.83426758	-122.2815812
33581	61710	33.941383	-118.377866	33.843799	-118.313324
33581	61950	33.941383	-118.377866	37.418914	-122.133104
33581	61967	33.941383	-118.377866	33.855862	-117.837744
33581	61968	33.941383	-118.377866	34.076363	-118.358673
33581	61970	33.941383	-118.377866	34.0621924	-118.1736142
33581	61972	33.941383	-118.377866	37.271941	-121.954643
33581	61973	33.941383	-118.377866	36.25298	-120.239432
33581	61974	33.941383	-118.377866	33.648692	-117.918614
33581	61975	33.941383	-118.377866	37.666686	-122.106352
33581	61976	33.941383	-118.377866	34.200017	-118.191164
33581	61977	33.941383	-118.377866	37.52217	-121.968501
33581	61978	33.941383	-118.377866	33.661543	-117.668467
33581	61979	33.941383	-118.377866	33.819222	-118.189733
33581	61980	33.941383	-118.377866	34.101336	-118.314034
33581	61981	33.941383	-118.377866	33.963119	-118.421458
33581	61982	33.941383	-118.377866	37.888823	-122.5179817
33581	61983	33.941383	-118.377866	34.168683	-118.835986
33581	61984	33.941383	-118.377866	32.933578	-117.240016
33581	61985	33.941383	-118.377866	37.37326	-121.918838
33581	61986	33.941383	-118.377866	34.438155	-119.751005
33581	61987	33.941383	-118.377866	37.284189	-121.999331
33581	61988	33.941383	-118.377866	34.111868	-118.149849
33581	61989	33.941383	-118.377866	37.647933	-122.406006
33581	61990	33.941383	-118.377866	39.324902	-120.223537
33581	62002	33.941383	-118.377866	33.889394	-118.360962
33581	62011	33.941383	-118.377866	37.771711	-121.971556
33581	62013	33.941383	-118.377866	37.405137	-122.067089
33581	62015	33.941383	-118.377866	37.761532	-122.204613
33581	62017	33.941383	-118.377866	33.519722	-117.66697
33581	62018	33.941383	-118.377866	34.025325	-118.469612
33581	62022	33.941383	-118.377866	34.166383	-118.605407
33581	64018	33.941383	-118.377866	38.569427	-121.521377
33581	88307	33.941383	-118.377866	37.780625	-122.394922
33581	88308	33.941383	-118.377866	37.740188	-122.423654
33581	88310	33.941383	-118.377866	37.773345	-122.408478
33581	88315	33.941383	-118.377866	37.809238	-122.255662
33581	88318	33.941383	-118.377866	38.573852	-121.382464
33581	88320	33.941383	-118.377866	38.679592	-121.320589
33581	121860	33.941383	-118.377866	37.83421674	-122.2815383
33581	122225	33.941383	-118.377866	33.406218	-111.99245
33581	153941	33.941383	-118.377866	34.001326	-117.830482
33581	153942	33.941383	-118.377866	33.70336	-117.926877
33582	61710	33.21444166	-117.3870303	33.843799	-118.313324
33582	61950	33.21444166	-117.3870303	37.418914	-122.133104
33582	61967	33.21444166	-117.3870303	33.855862	-117.837744
33582	61968	33.21444166	-117.3870303	34.076363	-118.358673
33582	61970	33.21444166	-117.3870303	34.0621924	-118.1736142
33582	61972	33.21444166	-117.3870303	37.271941	-121.954643
33582	61973	33.21444166	-117.3870303	36.25298	-120.239432
33582	61974	33.21444166	-117.3870303	33.648692	-117.918614
33582	61976	33.21444166	-117.3870303	34.200017	-118.191164
33582	61977	33.21444166	-117.3870303	37.52217	-121.968501
33582	61978	33.21444166	-117.3870303	33.661543	-117.668467
33582	61979	33.21444166	-117.3870303	33.819222	-118.189733
33582	61980	33.21444166	-117.3870303	34.101336	-118.314034
33582	61981	33.21444166	-117.3870303	33.963119	-118.421458
33582	61983	33.21444166	-117.3870303	34.168683	-118.835986
33582	61984	33.21444166	-117.3870303	32.933578	-117.240016
33582	61985	33.21444166	-117.3870303	37.37326	-121.918838
33582	61986	33.21444166	-117.3870303	34.438155	-119.751005
33582	61987	33.21444166	-117.3870303	37.284189	-121.999331
33582	61988	33.21444166	-117.3870303	34.111868	-118.149849
33582	62002	33.21444166	-117.3870303	33.889394	-118.360962
33582	62013	33.21444166	-117.3870303	37.405137	-122.067089
33582	62017	33.21444166	-117.3870303	33.519722	-117.66697
33582	62018	33.21444166	-117.3870303	34.025325	-118.469612
33582	62022	33.21444166	-117.3870303	34.166383	-118.605407
33582	122225	33.21444166	-117.3870303	33.406218	-111.99245
33582	153941	33.21444166	-117.3870303	34.001326	-117.830482
33582	153942	33.21444166	-117.3870303	33.70336	-117.926877
41135	60205	41.490507	-72.760932	39.611522	-75.739514
41135	61099	41.490507	-72.760932	40.592118	-73.585241
41135	66767	41.490507	-72.760932	42.387412	-71.07446
41135	66848	41.490507	-72.760932	41.843121	-73.081003
48407	61710	37.83426758	-122.2815812	33.843799	-118.313324
48407	61950	37.83426758	-122.2815812	37.418914	-122.133104
48407	61967	37.83426758	-122.2815812	33.855862	-117.837744
48407	61968	37.83426758	-122.2815812	34.076363	-118.358673
48407	61970	37.83426758	-122.2815812	34.0621924	-118.1736142
48407	61972	37.83426758	-122.2815812	37.271941	-121.954643
48407	61973	37.83426758	-122.2815812	36.25298	-120.239432
48407	61974	37.83426758	-122.2815812	33.648692	-117.918614
48407	61975	37.83426758	-122.2815812	37.666686	-122.106352
48407	61976	37.83426758	-122.2815812	34.200017	-118.191164
48407	61977	37.83426758	-122.2815812	37.52217	-121.968501
48407	61978	37.83426758	-122.2815812	33.661543	-117.668467
48407	61979	37.83426758	-122.2815812	33.819222	-118.189733
48407	61980	37.83426758	-122.2815812	34.101336	-118.314034
48407	61981	37.83426758	-122.2815812	33.963119	-118.421458
48407	61982	37.83426758	-122.2815812	37.888823	-122.5179817
48407	61983	37.83426758	-122.2815812	34.168683	-118.835986
48407	61985	37.83426758	-122.2815812	37.37326	-121.918838
48407	61986	37.83426758	-122.2815812	34.438155	-119.751005
48407	61987	37.83426758	-122.2815812	37.284189	-121.999331
48407	61988	37.83426758	-122.2815812	34.111868	-118.149849
48407	61989	37.83426758	-122.2815812	37.647933	-122.406006
48407	61990	37.83426758	-122.2815812	39.324902	-120.223537
48407	62002	37.83426758	-122.2815812	33.889394	-118.360962
48407	62011	37.83426758	-122.2815812	37.771711	-121.971556
48407	62013	37.83426758	-122.2815812	37.405137	-122.067089
48407	62015	37.83426758	-122.2815812	37.761532	-122.204613
48407	62017	37.83426758	-122.2815812	33.519722	-117.66697
48407	62018	37.83426758	-122.2815812	34.025325	-118.469612
48407	62022	37.83426758	-122.2815812	34.166383	-118.605407
48407	64018	37.83426758	-122.2815812	38.569427	-121.521377
48407	88307	37.83426758	-122.2815812	37.780625	-122.394922
48407	88308	37.83426758	-122.2815812	37.740188	-122.423654
48407	88310	37.83426758	-122.2815812	37.773345	-122.408478
48407	88315	37.83426758	-122.2815812	37.809238	-122.255662
48407	88318	37.83426758	-122.2815812	38.573852	-121.382464
48407	88320	37.83426758	-122.2815812	38.679592	-121.320589
48407	121860	37.83426758	-122.2815812	37.83421674	-122.2815383
48407	153941	37.83426758	-122.2815812	34.001326	-117.830482
48407	153942	37.83426758	-122.2815812	33.70336	-117.926877
60205	61099	39.611522	-75.739514	40.592118	-73.585241
60205	66767	39.611522	-75.739514	42.387412	-71.07446
60205	66848	39.611522	-75.739514	41.843121	-73.081003
60205	70260	39.611522	-75.739514	40.78093	-81.36797
61099	66767	40.592118	-73.585241	42.387412	-71.07446
61099	66848	40.592118	-73.585241	41.843121	-73.081003
61710	61950	33.843799	-118.313324	37.418914	-122.133104
61710	61967	33.843799	-118.313324	33.855862	-117.837744
61710	61968	33.843799	-118.313324	34.076363	-118.358673
61710	61970	33.843799	-118.313324	34.0621924	-118.1736142
61710	61972	33.843799	-118.313324	37.271941	-121.954643
61710	61973	33.843799	-118.313324	36.25298	-120.239432
61710	61974	33.843799	-118.313324	33.648692	-117.918614
61710	61975	33.843799	-118.313324	37.666686	-122.106352
61710	61976	33.843799	-118.313324	34.200017	-118.191164
61710	61977	33.843799	-118.313324	37.52217	-121.968501
61710	61978	33.843799	-118.313324	33.661543	-117.668467
61710	61979	33.843799	-118.313324	33.819222	-118.189733
61710	61980	33.843799	-118.313324	34.101336	-118.314034
61710	61981	33.843799	-118.313324	33.963119	-118.421458
61710	61982	33.843799	-118.313324	37.888823	-122.5179817
61710	61983	33.843799	-118.313324	34.168683	-118.835986
61710	61984	33.843799	-118.313324	32.933578	-117.240016
61710	61985	33.843799	-118.313324	37.37326	-121.918838
61710	61986	33.843799	-118.313324	34.438155	-119.751005
61710	61987	33.843799	-118.313324	37.284189	-121.999331
61710	61988	33.843799	-118.313324	34.111868	-118.149849
61710	61989	33.843799	-118.313324	37.647933	-122.406006
61710	61990	33.843799	-118.313324	39.324902	-120.223537
61710	62002	33.843799	-118.313324	33.889394	-118.360962
61710	62011	33.843799	-118.313324	37.771711	-121.971556
61710	62013	33.843799	-118.313324	37.405137	-122.067089
61710	62015	33.843799	-118.313324	37.761532	-122.204613
61710	62017	33.843799	-118.313324	33.519722	-117.66697
61710	62018	33.843799	-118.313324	34.025325	-118.469612
61710	62022	33.843799	-118.313324	34.166383	-118.605407
61710	64018	33.843799	-118.313324	38.569427	-121.521377
61710	88307	33.843799	-118.313324	37.780625	-122.394922
61710	88308	33.843799	-118.313324	37.740188	-122.423654
61710	88310	33.843799	-118.313324	37.773345	-122.408478
61710	88315	33.843799	-118.313324	37.809238	-122.255662
61710	88318	33.843799	-118.313324	38.573852	-121.382464
61710	88320	33.843799	-118.313324	38.679592	-121.320589
61710	121860	33.843799	-118.313324	37.83421674	-122.2815383
61710	122225	33.843799	-118.313324	33.406218	-111.99245
61710	153941	33.843799	-118.313324	34.001326	-117.830482
61710	153942	33.843799	-118.313324	33.70336	-117.926877
61950	61967	37.418914	-122.133104	33.855862	-117.837744
61950	61968	37.418914	-122.133104	34.076363	-118.358673
61950	61970	37.418914	-122.133104	34.0621924	-118.1736142
61950	61972	37.418914	-122.133104	37.271941	-121.954643
61950	61973	37.418914	-122.133104	36.25298	-120.239432
61950	61974	37.418914	-122.133104	33.648692	-117.918614
61950	61975	37.418914	-122.133104	37.666686	-122.106352
61950	61976	37.418914	-122.133104	34.200017	-118.191164
61950	61977	37.418914	-122.133104	37.52217	-121.968501
61950	61978	37.418914	-122.133104	33.661543	-117.668467
61950	61979	37.418914	-122.133104	33.819222	-118.189733
61950	61980	37.418914	-122.133104	34.101336	-118.314034
61950	61981	37.418914	-122.133104	33.963119	-118.421458
61950	61982	37.418914	-122.133104	37.888823	-122.5179817
61950	61983	37.418914	-122.133104	34.168683	-118.835986
61950	61985	37.418914	-122.133104	37.37326	-121.918838
61950	61986	37.418914	-122.133104	34.438155	-119.751005
61950	61987	37.418914	-122.133104	37.284189	-121.999331
61950	61988	37.418914	-122.133104	34.111868	-118.149849
61950	61989	37.418914	-122.133104	37.647933	-122.406006
61950	61990	37.418914	-122.133104	39.324902	-120.223537
61950	62002	37.418914	-122.133104	33.889394	-118.360962
61950	62011	37.418914	-122.133104	37.771711	-121.971556
61950	62013	37.418914	-122.133104	37.405137	-122.067089
61950	62015	37.418914	-122.133104	37.761532	-122.204613
61950	62017	37.418914	-122.133104	33.519722	-117.66697
61950	62018	37.418914	-122.133104	34.025325	-118.469612
61950	62022	37.418914	-122.133104	34.166383	-118.605407
61950	64018	37.418914	-122.133104	38.569427	-121.521377
61950	88307	37.418914	-122.133104	37.780625	-122.394922
61950	88308	37.418914	-122.133104	37.740188	-122.423654
61950	88310	37.418914	-122.133104	37.773345	-122.408478
61950	88315	37.418914	-122.133104	37.809238	-122.255662
61950	88318	37.418914	-122.133104	38.573852	-121.382464
61950	88320	37.418914	-122.133104	38.679592	-121.320589
61950	121860	37.418914	-122.133104	37.83421674	-122.2815383
61950	153941	37.418914	-122.133104	34.001326	-117.830482
61950	153942	37.418914	-122.133104	33.70336	-117.926877
61967	61968	33.855862	-117.837744	34.076363	-118.358673
61967	61970	33.855862	-117.837744	34.0621924	-118.1736142
61967	61972	33.855862	-117.837744	37.271941	-121.954643
61967	61973	33.855862	-117.837744	36.25298	-120.239432
61967	61974	33.855862	-117.837744	33.648692	-117.918614
61967	61975	33.855862	-117.837744	37.666686	-122.106352
61967	61976	33.855862	-117.837744	34.200017	-118.191164
61967	61977	33.855862	-117.837744	37.52217	-121.968501
61967	61978	33.855862	-117.837744	33.661543	-117.668467
61967	61979	33.855862	-117.837744	33.819222	-118.189733
61967	61980	33.855862	-117.837744	34.101336	-118.314034
61967	61981	33.855862	-117.837744	33.963119	-118.421458
61967	61982	33.855862	-117.837744	37.888823	-122.5179817
61967	61983	33.855862	-117.837744	34.168683	-118.835986
61967	61984	33.855862	-117.837744	32.933578	-117.240016
61967	61985	33.855862	-117.837744	37.37326	-121.918838
61967	61986	33.855862	-117.837744	34.438155	-119.751005
61967	61987	33.855862	-117.837744	37.284189	-121.999331
61967	61988	33.855862	-117.837744	34.111868	-118.149849
61967	61989	33.855862	-117.837744	37.647933	-122.406006
61967	61990	33.855862	-117.837744	39.324902	-120.223537
61967	62002	33.855862	-117.837744	33.889394	-118.360962
61967	62011	33.855862	-117.837744	37.771711	-121.971556
61967	62013	33.855862	-117.837744	37.405137	-122.067089
61967	62015	33.855862	-117.837744	37.761532	-122.204613
61967	62017	33.855862	-117.837744	33.519722	-117.66697
61967	62018	33.855862	-117.837744	34.025325	-118.469612
61967	62022	33.855862	-117.837744	34.166383	-118.605407
61967	64018	33.855862	-117.837744	38.569427	-121.521377
61967	88307	33.855862	-117.837744	37.780625	-122.394922
61967	88308	33.855862	-117.837744	37.740188	-122.423654
61967	88310	33.855862	-117.837744	37.773345	-122.408478
61967	88315	33.855862	-117.837744	37.809238	-122.255662
61967	88318	33.855862	-117.837744	38.573852	-121.382464
61967	88320	33.855862	-117.837744	38.679592	-121.320589
61967	121860	33.855862	-117.837744	37.83421674	-122.2815383
61967	122225	33.855862	-117.837744	33.406218	-111.99245
61967	153941	33.855862	-117.837744	34.001326	-117.830482
61967	153942	33.855862	-117.837744	33.70336	-117.926877
61968	61970	34.076363	-118.358673	34.0621924	-118.1736142
61968	61972	34.076363	-118.358673	37.271941	-121.954643
61968	61973	34.076363	-118.358673	36.25298	-120.239432
61968	61974	34.076363	-118.358673	33.648692	-117.918614
61968	61975	34.076363	-118.358673	37.666686	-122.106352
61968	61976	34.076363	-118.358673	34.200017	-118.191164
61968	61977	34.076363	-118.358673	37.52217	-121.968501
61968	61978	34.076363	-118.358673	33.661543	-117.668467
61968	61979	34.076363	-118.358673	33.819222	-118.189733
61968	61980	34.076363	-118.358673	34.101336	-118.314034
61968	61981	34.076363	-118.358673	33.963119	-118.421458
61968	61982	34.076363	-118.358673	37.888823	-122.5179817
61968	61983	34.076363	-118.358673	34.168683	-118.835986
61968	61984	34.076363	-118.358673	32.933578	-117.240016
61968	61985	34.076363	-118.358673	37.37326	-121.918838
61968	61986	34.076363	-118.358673	34.438155	-119.751005
61968	61987	34.076363	-118.358673	37.284189	-121.999331
61968	61988	34.076363	-118.358673	34.111868	-118.149849
61968	61989	34.076363	-118.358673	37.647933	-122.406006
61968	61990	34.076363	-118.358673	39.324902	-120.223537
61968	62002	34.076363	-118.358673	33.889394	-118.360962
61968	62011	34.076363	-118.358673	37.771711	-121.971556
61968	62013	34.076363	-118.358673	37.405137	-122.067089
61968	62015	34.076363	-118.358673	37.761532	-122.204613
61968	62017	34.076363	-118.358673	33.519722	-117.66697
61968	62018	34.076363	-118.358673	34.025325	-118.469612
61968	62022	34.076363	-118.358673	34.166383	-118.605407
61968	64018	34.076363	-118.358673	38.569427	-121.521377
61968	88307	34.076363	-118.358673	37.780625	-122.394922
61968	88308	34.076363	-118.358673	37.740188	-122.423654
61968	88310	34.076363	-118.358673	37.773345	-122.408478
61968	88315	34.076363	-118.358673	37.809238	-122.255662
61968	88318	34.076363	-118.358673	38.573852	-121.382464
61968	88320	34.076363	-118.358673	38.679592	-121.320589
61968	121860	34.076363	-118.358673	37.83421674	-122.2815383
61968	122225	34.076363	-118.358673	33.406218	-111.99245
61968	153941	34.076363	-118.358673	34.001326	-117.830482
61968	153942	34.076363	-118.358673	33.70336	-117.926877
61970	61972	34.0621924	-118.1736142	37.271941	-121.954643
61970	61973	34.0621924	-118.1736142	36.25298	-120.239432
61970	61974	34.0621924	-118.1736142	33.648692	-117.918614
61970	61975	34.0621924	-118.1736142	37.666686	-122.106352
61970	61976	34.0621924	-118.1736142	34.200017	-118.191164
61970	61977	34.0621924	-118.1736142	37.52217	-121.968501
61970	61978	34.0621924	-118.1736142	33.661543	-117.668467
61970	61979	34.0621924	-118.1736142	33.819222	-118.189733
61970	61980	34.0621924	-118.1736142	34.101336	-118.314034
61970	61981	34.0621924	-118.1736142	33.963119	-118.421458
61970	61982	34.0621924	-118.1736142	37.888823	-122.5179817
61970	61983	34.0621924	-118.1736142	34.168683	-118.835986
61970	61984	34.0621924	-118.1736142	32.933578	-117.240016
61970	61985	34.0621924	-118.1736142	37.37326	-121.918838
61970	61986	34.0621924	-118.1736142	34.438155	-119.751005
61970	61987	34.0621924	-118.1736142	37.284189	-121.999331
61970	61988	34.0621924	-118.1736142	34.111868	-118.149849
61970	61989	34.0621924	-118.1736142	37.647933	-122.406006
61970	61990	34.0621924	-118.1736142	39.324902	-120.223537
61970	62002	34.0621924	-118.1736142	33.889394	-118.360962
61970	62011	34.0621924	-118.1736142	37.771711	-121.971556
61970	62013	34.0621924	-118.1736142	37.405137	-122.067089
61970	62015	34.0621924	-118.1736142	37.761532	-122.204613
61970	62017	34.0621924	-118.1736142	33.519722	-117.66697
61970	62018	34.0621924	-118.1736142	34.025325	-118.469612
61970	62022	34.0621924	-118.1736142	34.166383	-118.605407
61970	64018	34.0621924	-118.1736142	38.569427	-121.521377
61970	88307	34.0621924	-118.1736142	37.780625	-122.394922
61970	88308	34.0621924	-118.1736142	37.740188	-122.423654
61970	88310	34.0621924	-118.1736142	37.773345	-122.408478
61970	88315	34.0621924	-118.1736142	37.809238	-122.255662
61970	88318	34.0621924	-118.1736142	38.573852	-121.382464
61970	88320	34.0621924	-118.1736142	38.679592	-121.320589
61970	121860	34.0621924	-118.1736142	37.83421674	-122.2815383
61970	122225	34.0621924	-118.1736142	33.406218	-111.99245
61970	153941	34.0621924	-118.1736142	34.001326	-117.830482
61970	153942	34.0621924	-118.1736142	33.70336	-117.926877
61972	61973	37.271941	-121.954643	36.25298	-120.239432
61972	61974	37.271941	-121.954643	33.648692	-117.918614
61972	61975	37.271941	-121.954643	37.666686	-122.106352
61972	61976	37.271941	-121.954643	34.200017	-118.191164
61972	61977	37.271941	-121.954643	37.52217	-121.968501
61972	61978	37.271941	-121.954643	33.661543	-117.668467
61972	61979	37.271941	-121.954643	33.819222	-118.189733
61972	61980	37.271941	-121.954643	34.101336	-118.314034
61972	61981	37.271941	-121.954643	33.963119	-118.421458
61972	61982	37.271941	-121.954643	37.888823	-122.5179817
61972	61983	37.271941	-121.954643	34.168683	-118.835986
61972	61985	37.271941	-121.954643	37.37326	-121.918838
61972	61986	37.271941	-121.954643	34.438155	-119.751005
61972	61987	37.271941	-121.954643	37.284189	-121.999331
61972	61988	37.271941	-121.954643	34.111868	-118.149849
61972	61989	37.271941	-121.954643	37.647933	-122.406006
61972	61990	37.271941	-121.954643	39.324902	-120.223537
61972	62002	37.271941	-121.954643	33.889394	-118.360962
61972	62011	37.271941	-121.954643	37.771711	-121.971556
61972	62013	37.271941	-121.954643	37.405137	-122.067089
61972	62015	37.271941	-121.954643	37.761532	-122.204613
61972	62017	37.271941	-121.954643	33.519722	-117.66697
61972	62018	37.271941	-121.954643	34.025325	-118.469612
61972	62022	37.271941	-121.954643	34.166383	-118.605407
61972	64018	37.271941	-121.954643	38.569427	-121.521377
61972	88307	37.271941	-121.954643	37.780625	-122.394922
61972	88308	37.271941	-121.954643	37.740188	-122.423654
61972	88310	37.271941	-121.954643	37.773345	-122.408478
61972	88315	37.271941	-121.954643	37.809238	-122.255662
61972	88318	37.271941	-121.954643	38.573852	-121.382464
61972	88320	37.271941	-121.954643	38.679592	-121.320589
61972	121860	37.271941	-121.954643	37.83421674	-122.2815383
61972	153941	37.271941	-121.954643	34.001326	-117.830482
61972	153942	37.271941	-121.954643	33.70336	-117.926877
61973	61974	36.25298	-120.239432	33.648692	-117.918614
61973	61975	36.25298	-120.239432	37.666686	-122.106352
61973	61976	36.25298	-120.239432	34.200017	-118.191164
61973	61977	36.25298	-120.239432	37.52217	-121.968501
61973	61978	36.25298	-120.239432	33.661543	-117.668467
61973	61979	36.25298	-120.239432	33.819222	-118.189733
61973	61980	36.25298	-120.239432	34.101336	-118.314034
61973	61981	36.25298	-120.239432	33.963119	-118.421458
61973	61982	36.25298	-120.239432	37.888823	-122.5179817
61973	61983	36.25298	-120.239432	34.168683	-118.835986
61973	61984	36.25298	-120.239432	32.933578	-117.240016
61973	61985	36.25298	-120.239432	37.37326	-121.918838
61973	61986	36.25298	-120.239432	34.438155	-119.751005
61973	61987	36.25298	-120.239432	37.284189	-121.999331
61973	61988	36.25298	-120.239432	34.111868	-118.149849
61973	61989	36.25298	-120.239432	37.647933	-122.406006
61973	61990	36.25298	-120.239432	39.324902	-120.223537
61973	62002	36.25298	-120.239432	33.889394	-118.360962
61973	62011	36.25298	-120.239432	37.771711	-121.971556
61973	62013	36.25298	-120.239432	37.405137	-122.067089
61973	62015	36.25298	-120.239432	37.761532	-122.204613
61973	62017	36.25298	-120.239432	33.519722	-117.66697
61973	62018	36.25298	-120.239432	34.025325	-118.469612
61973	62022	36.25298	-120.239432	34.166383	-118.605407
61973	64018	36.25298	-120.239432	38.569427	-121.521377
61973	88307	36.25298	-120.239432	37.780625	-122.394922
61973	88308	36.25298	-120.239432	37.740188	-122.423654
61973	88310	36.25298	-120.239432	37.773345	-122.408478
61973	88315	36.25298	-120.239432	37.809238	-122.255662
61973	88318	36.25298	-120.239432	38.573852	-121.382464
61973	88320	36.25298	-120.239432	38.679592	-121.320589
61973	121860	36.25298	-120.239432	37.83421674	-122.2815383
61973	153941	36.25298	-120.239432	34.001326	-117.830482
61973	153942	36.25298	-120.239432	33.70336	-117.926877
61974	61975	33.648692	-117.918614	37.666686	-122.106352
61974	61976	33.648692	-117.918614	34.200017	-118.191164
61974	61977	33.648692	-117.918614	37.52217	-121.968501
61974	61978	33.648692	-117.918614	33.661543	-117.668467
61974	61979	33.648692	-117.918614	33.819222	-118.189733
61974	61980	33.648692	-117.918614	34.101336	-118.314034
61974	61981	33.648692	-117.918614	33.963119	-118.421458
61974	61982	33.648692	-117.918614	37.888823	-122.5179817
61974	61983	33.648692	-117.918614	34.168683	-118.835986
61974	61984	33.648692	-117.918614	32.933578	-117.240016
61974	61985	33.648692	-117.918614	37.37326	-121.918838
61974	61986	33.648692	-117.918614	34.438155	-119.751005
61974	61987	33.648692	-117.918614	37.284189	-121.999331
61974	61988	33.648692	-117.918614	34.111868	-118.149849
61974	61989	33.648692	-117.918614	37.647933	-122.406006
61974	62002	33.648692	-117.918614	33.889394	-118.360962
61974	62011	33.648692	-117.918614	37.771711	-121.971556
61974	62013	33.648692	-117.918614	37.405137	-122.067089
61974	62015	33.648692	-117.918614	37.761532	-122.204613
61974	62017	33.648692	-117.918614	33.519722	-117.66697
61974	62018	33.648692	-117.918614	34.025325	-118.469612
61974	62022	33.648692	-117.918614	34.166383	-118.605407
61974	64018	33.648692	-117.918614	38.569427	-121.521377
61974	88307	33.648692	-117.918614	37.780625	-122.394922
61974	88308	33.648692	-117.918614	37.740188	-122.423654
61974	88310	33.648692	-117.918614	37.773345	-122.408478
61974	88315	33.648692	-117.918614	37.809238	-122.255662
61974	88318	33.648692	-117.918614	38.573852	-121.382464
61974	88320	33.648692	-117.918614	38.679592	-121.320589
61974	121860	33.648692	-117.918614	37.83421674	-122.2815383
61974	122225	33.648692	-117.918614	33.406218	-111.99245
61974	153941	33.648692	-117.918614	34.001326	-117.830482
61974	153942	33.648692	-117.918614	33.70336	-117.926877
61975	61976	37.666686	-122.106352	34.200017	-118.191164
61975	61977	37.666686	-122.106352	37.52217	-121.968501
61975	61978	37.666686	-122.106352	33.661543	-117.668467
61975	61979	37.666686	-122.106352	33.819222	-118.189733
61975	61980	37.666686	-122.106352	34.101336	-118.314034
61975	61981	37.666686	-122.106352	33.963119	-118.421458
61975	61982	37.666686	-122.106352	37.888823	-122.5179817
61975	61983	37.666686	-122.106352	34.168683	-118.835986
61975	61985	37.666686	-122.106352	37.37326	-121.918838
61975	61986	37.666686	-122.106352	34.438155	-119.751005
61975	61987	37.666686	-122.106352	37.284189	-121.999331
61975	61988	37.666686	-122.106352	34.111868	-118.149849
61975	61989	37.666686	-122.106352	37.647933	-122.406006
61975	61990	37.666686	-122.106352	39.324902	-120.223537
61975	62002	37.666686	-122.106352	33.889394	-118.360962
61975	62011	37.666686	-122.106352	37.771711	-121.971556
61975	62013	37.666686	-122.106352	37.405137	-122.067089
61975	62015	37.666686	-122.106352	37.761532	-122.204613
61975	62017	37.666686	-122.106352	33.519722	-117.66697
61975	62018	37.666686	-122.106352	34.025325	-118.469612
61975	62022	37.666686	-122.106352	34.166383	-118.605407
61975	64018	37.666686	-122.106352	38.569427	-121.521377
61975	88307	37.666686	-122.106352	37.780625	-122.394922
61975	88308	37.666686	-122.106352	37.740188	-122.423654
61975	88310	37.666686	-122.106352	37.773345	-122.408478
61975	88315	37.666686	-122.106352	37.809238	-122.255662
61975	88318	37.666686	-122.106352	38.573852	-121.382464
61975	88320	37.666686	-122.106352	38.679592	-121.320589
61975	121860	37.666686	-122.106352	37.83421674	-122.2815383
61975	153941	37.666686	-122.106352	34.001326	-117.830482
61975	153942	37.666686	-122.106352	33.70336	-117.926877
61976	61977	34.200017	-118.191164	37.52217	-121.968501
61976	61978	34.200017	-118.191164	33.661543	-117.668467
61976	61979	34.200017	-118.191164	33.819222	-118.189733
61976	61980	34.200017	-118.191164	34.101336	-118.314034
61976	61981	34.200017	-118.191164	33.963119	-118.421458
61976	61982	34.200017	-118.191164	37.888823	-122.5179817
61976	61983	34.200017	-118.191164	34.168683	-118.835986
61976	61984	34.200017	-118.191164	32.933578	-117.240016
61976	61985	34.200017	-118.191164	37.37326	-121.918838
61976	61986	34.200017	-118.191164	34.438155	-119.751005
61976	61987	34.200017	-118.191164	37.284189	-121.999331
61976	61988	34.200017	-118.191164	34.111868	-118.149849
61976	61989	34.200017	-118.191164	37.647933	-122.406006
61976	61990	34.200017	-118.191164	39.324902	-120.223537
61976	62002	34.200017	-118.191164	33.889394	-118.360962
61976	62011	34.200017	-118.191164	37.771711	-121.971556
61976	62013	34.200017	-118.191164	37.405137	-122.067089
61976	62015	34.200017	-118.191164	37.761532	-122.204613
61976	62017	34.200017	-118.191164	33.519722	-117.66697
61976	62018	34.200017	-118.191164	34.025325	-118.469612
61976	62022	34.200017	-118.191164	34.166383	-118.605407
61976	64018	34.200017	-118.191164	38.569427	-121.521377
61976	88307	34.200017	-118.191164	37.780625	-122.394922
61976	88308	34.200017	-118.191164	37.740188	-122.423654
61976	88310	34.200017	-118.191164	37.773345	-122.408478
61976	88315	34.200017	-118.191164	37.809238	-122.255662
61976	88318	34.200017	-118.191164	38.573852	-121.382464
61976	88320	34.200017	-118.191164	38.679592	-121.320589
61976	121860	34.200017	-118.191164	37.83421674	-122.2815383
61976	122225	34.200017	-118.191164	33.406218	-111.99245
61976	153941	34.200017	-118.191164	34.001326	-117.830482
61976	153942	34.200017	-118.191164	33.70336	-117.926877
61977	61978	37.52217	-121.968501	33.661543	-117.668467
61977	61979	37.52217	-121.968501	33.819222	-118.189733
61977	61980	37.52217	-121.968501	34.101336	-118.314034
61977	61981	37.52217	-121.968501	33.963119	-118.421458
61977	61982	37.52217	-121.968501	37.888823	-122.5179817
61977	61983	37.52217	-121.968501	34.168683	-118.835986
61977	61985	37.52217	-121.968501	37.37326	-121.918838
61977	61986	37.52217	-121.968501	34.438155	-119.751005
61977	61987	37.52217	-121.968501	37.284189	-121.999331
61977	61988	37.52217	-121.968501	34.111868	-118.149849
61977	61989	37.52217	-121.968501	37.647933	-122.406006
61977	61990	37.52217	-121.968501	39.324902	-120.223537
61977	62002	37.52217	-121.968501	33.889394	-118.360962
61977	62011	37.52217	-121.968501	37.771711	-121.971556
61977	62013	37.52217	-121.968501	37.405137	-122.067089
61977	62015	37.52217	-121.968501	37.761532	-122.204613
61977	62017	37.52217	-121.968501	33.519722	-117.66697
61977	62018	37.52217	-121.968501	34.025325	-118.469612
61977	62022	37.52217	-121.968501	34.166383	-118.605407
61977	64018	37.52217	-121.968501	38.569427	-121.521377
61977	88307	37.52217	-121.968501	37.780625	-122.394922
61977	88308	37.52217	-121.968501	37.740188	-122.423654
61977	88310	37.52217	-121.968501	37.773345	-122.408478
61977	88315	37.52217	-121.968501	37.809238	-122.255662
61977	88318	37.52217	-121.968501	38.573852	-121.382464
61977	88320	37.52217	-121.968501	38.679592	-121.320589
61977	121860	37.52217	-121.968501	37.83421674	-122.2815383
61977	153941	37.52217	-121.968501	34.001326	-117.830482
61977	153942	37.52217	-121.968501	33.70336	-117.926877
61978	61979	33.661543	-117.668467	33.819222	-118.189733
61978	61980	33.661543	-117.668467	34.101336	-118.314034
61978	61981	33.661543	-117.668467	33.963119	-118.421458
61978	61982	33.661543	-117.668467	37.888823	-122.5179817
61978	61983	33.661543	-117.668467	34.168683	-118.835986
61978	61984	33.661543	-117.668467	32.933578	-117.240016
61978	61985	33.661543	-117.668467	37.37326	-121.918838
61978	61986	33.661543	-117.668467	34.438155	-119.751005
61978	61987	33.661543	-117.668467	37.284189	-121.999331
61978	61988	33.661543	-117.668467	34.111868	-118.149849
61978	61989	33.661543	-117.668467	37.647933	-122.406006
61978	62002	33.661543	-117.668467	33.889394	-118.360962
61978	62011	33.661543	-117.668467	37.771711	-121.971556
61978	62013	33.661543	-117.668467	37.405137	-122.067089
61978	62015	33.661543	-117.668467	37.761532	-122.204613
61978	62017	33.661543	-117.668467	33.519722	-117.66697
61978	62018	33.661543	-117.668467	34.025325	-118.469612
61978	62022	33.661543	-117.668467	34.166383	-118.605407
61978	88307	33.661543	-117.668467	37.780625	-122.394922
61978	88308	33.661543	-117.668467	37.740188	-122.423654
61978	88310	33.661543	-117.668467	37.773345	-122.408478
61978	88315	33.661543	-117.668467	37.809238	-122.255662
61978	88318	33.661543	-117.668467	38.573852	-121.382464
61978	121860	33.661543	-117.668467	37.83421674	-122.2815383
61978	122225	33.661543	-117.668467	33.406218	-111.99245
61978	153941	33.661543	-117.668467	34.001326	-117.830482
61978	153942	33.661543	-117.668467	33.70336	-117.926877
61979	61980	33.819222	-118.189733	34.101336	-118.314034
61979	61981	33.819222	-118.189733	33.963119	-118.421458
61979	61982	33.819222	-118.189733	37.888823	-122.5179817
61979	61983	33.819222	-118.189733	34.168683	-118.835986
61979	61984	33.819222	-118.189733	32.933578	-117.240016
61979	61985	33.819222	-118.189733	37.37326	-121.918838
61979	61986	33.819222	-118.189733	34.438155	-119.751005
61979	61987	33.819222	-118.189733	37.284189	-121.999331
61979	61988	33.819222	-118.189733	34.111868	-118.149849
61979	61989	33.819222	-118.189733	37.647933	-122.406006
61979	61990	33.819222	-118.189733	39.324902	-120.223537
61979	62002	33.819222	-118.189733	33.889394	-118.360962
61979	62011	33.819222	-118.189733	37.771711	-121.971556
61979	62013	33.819222	-118.189733	37.405137	-122.067089
61979	62015	33.819222	-118.189733	37.761532	-122.204613
61979	62017	33.819222	-118.189733	33.519722	-117.66697
61979	62018	33.819222	-118.189733	34.025325	-118.469612
61979	62022	33.819222	-118.189733	34.166383	-118.605407
61979	64018	33.819222	-118.189733	38.569427	-121.521377
61979	88307	33.819222	-118.189733	37.780625	-122.394922
61979	88308	33.819222	-118.189733	37.740188	-122.423654
61979	88310	33.819222	-118.189733	37.773345	-122.408478
61979	88315	33.819222	-118.189733	37.809238	-122.255662
61979	88318	33.819222	-118.189733	38.573852	-121.382464
61979	88320	33.819222	-118.189733	38.679592	-121.320589
61979	121860	33.819222	-118.189733	37.83421674	-122.2815383
61979	122225	33.819222	-118.189733	33.406218	-111.99245
61979	153941	33.819222	-118.189733	34.001326	-117.830482
61979	153942	33.819222	-118.189733	33.70336	-117.926877
61980	61981	34.101336	-118.314034	33.963119	-118.421458
61980	61982	34.101336	-118.314034	37.888823	-122.5179817
61980	61983	34.101336	-118.314034	34.168683	-118.835986
61980	61984	34.101336	-118.314034	32.933578	-117.240016
61980	61985	34.101336	-118.314034	37.37326	-121.918838
61980	61986	34.101336	-118.314034	34.438155	-119.751005
61980	61987	34.101336	-118.314034	37.284189	-121.999331
61980	61988	34.101336	-118.314034	34.111868	-118.149849
61980	61989	34.101336	-118.314034	37.647933	-122.406006
61980	61990	34.101336	-118.314034	39.324902	-120.223537
61980	62002	34.101336	-118.314034	33.889394	-118.360962
61980	62011	34.101336	-118.314034	37.771711	-121.971556
61980	62013	34.101336	-118.314034	37.405137	-122.067089
61980	62015	34.101336	-118.314034	37.761532	-122.204613
61980	62017	34.101336	-118.314034	33.519722	-117.66697
61980	62018	34.101336	-118.314034	34.025325	-118.469612
61980	62022	34.101336	-118.314034	34.166383	-118.605407
61980	64018	34.101336	-118.314034	38.569427	-121.521377
61980	88307	34.101336	-118.314034	37.780625	-122.394922
61980	88308	34.101336	-118.314034	37.740188	-122.423654
61980	88310	34.101336	-118.314034	37.773345	-122.408478
61980	88315	34.101336	-118.314034	37.809238	-122.255662
61980	88318	34.101336	-118.314034	38.573852	-121.382464
61980	88320	34.101336	-118.314034	38.679592	-121.320589
61980	121860	34.101336	-118.314034	37.83421674	-122.2815383
61980	122225	34.101336	-118.314034	33.406218	-111.99245
61980	153941	34.101336	-118.314034	34.001326	-117.830482
61980	153942	34.101336	-118.314034	33.70336	-117.926877
61981	61982	33.963119	-118.421458	37.888823	-122.5179817
61981	61983	33.963119	-118.421458	34.168683	-118.835986
61981	61984	33.963119	-118.421458	32.933578	-117.240016
61981	61985	33.963119	-118.421458	37.37326	-121.918838
61981	61986	33.963119	-118.421458	34.438155	-119.751005
61981	61987	33.963119	-118.421458	37.284189	-121.999331
61981	61988	33.963119	-118.421458	34.111868	-118.149849
61981	61989	33.963119	-118.421458	37.647933	-122.406006
61981	61990	33.963119	-118.421458	39.324902	-120.223537
61981	62002	33.963119	-118.421458	33.889394	-118.360962
61981	62011	33.963119	-118.421458	37.771711	-121.971556
61981	62013	33.963119	-118.421458	37.405137	-122.067089
61981	62015	33.963119	-118.421458	37.761532	-122.204613
61981	62017	33.963119	-118.421458	33.519722	-117.66697
61981	62018	33.963119	-118.421458	34.025325	-118.469612
61981	62022	33.963119	-118.421458	34.166383	-118.605407
61981	64018	33.963119	-118.421458	38.569427	-121.521377
61981	88307	33.963119	-118.421458	37.780625	-122.394922
61981	88308	33.963119	-118.421458	37.740188	-122.423654
61981	88310	33.963119	-118.421458	37.773345	-122.408478
61981	88315	33.963119	-118.421458	37.809238	-122.255662
61981	88318	33.963119	-118.421458	38.573852	-121.382464
61981	88320	33.963119	-118.421458	38.679592	-121.320589
61981	121860	33.963119	-118.421458	37.83421674	-122.2815383
61981	122225	33.963119	-118.421458	33.406218	-111.99245
61981	153941	33.963119	-118.421458	34.001326	-117.830482
61981	153942	33.963119	-118.421458	33.70336	-117.926877
61982	61983	37.888823	-122.5179817	34.168683	-118.835986
61982	61985	37.888823	-122.5179817	37.37326	-121.918838
61982	61986	37.888823	-122.5179817	34.438155	-119.751005
61982	61987	37.888823	-122.5179817	37.284189	-121.999331
61982	61988	37.888823	-122.5179817	34.111868	-118.149849
61982	61989	37.888823	-122.5179817	37.647933	-122.406006
61982	61990	37.888823	-122.5179817	39.324902	-120.223537
61982	62002	37.888823	-122.5179817	33.889394	-118.360962
61982	62011	37.888823	-122.5179817	37.771711	-121.971556
61982	62013	37.888823	-122.5179817	37.405137	-122.067089
61982	62015	37.888823	-122.5179817	37.761532	-122.204613
61982	62018	37.888823	-122.5179817	34.025325	-118.469612
61982	62022	37.888823	-122.5179817	34.166383	-118.605407
61982	64018	37.888823	-122.5179817	38.569427	-121.521377
61982	88307	37.888823	-122.5179817	37.780625	-122.394922
61982	88308	37.888823	-122.5179817	37.740188	-122.423654
61982	88310	37.888823	-122.5179817	37.773345	-122.408478
61982	88315	37.888823	-122.5179817	37.809238	-122.255662
61982	88318	37.888823	-122.5179817	38.573852	-121.382464
61982	88320	37.888823	-122.5179817	38.679592	-121.320589
61982	121860	37.888823	-122.5179817	37.83421674	-122.2815383
61982	153941	37.888823	-122.5179817	34.001326	-117.830482
61982	153942	37.888823	-122.5179817	33.70336	-117.926877
61983	61984	34.168683	-118.835986	32.933578	-117.240016
61983	61985	34.168683	-118.835986	37.37326	-121.918838
61983	61986	34.168683	-118.835986	34.438155	-119.751005
61983	61987	34.168683	-118.835986	37.284189	-121.999331
61983	61988	34.168683	-118.835986	34.111868	-118.149849
61983	61989	34.168683	-118.835986	37.647933	-122.406006
61983	61990	34.168683	-118.835986	39.324902	-120.223537
61983	62002	34.168683	-118.835986	33.889394	-118.360962
61983	62011	34.168683	-118.835986	37.771711	-121.971556
61983	62013	34.168683	-118.835986	37.405137	-122.067089
61983	62015	34.168683	-118.835986	37.761532	-122.204613
61983	62017	34.168683	-118.835986	33.519722	-117.66697
61983	62018	34.168683	-118.835986	34.025325	-118.469612
61983	62022	34.168683	-118.835986	34.166383	-118.605407
61983	64018	34.168683	-118.835986	38.569427	-121.521377
61983	88307	34.168683	-118.835986	37.780625	-122.394922
61983	88308	34.168683	-118.835986	37.740188	-122.423654
61983	88310	34.168683	-118.835986	37.773345	-122.408478
61983	88315	34.168683	-118.835986	37.809238	-122.255662
61983	88318	34.168683	-118.835986	38.573852	-121.382464
61983	88320	34.168683	-118.835986	38.679592	-121.320589
61983	121860	34.168683	-118.835986	37.83421674	-122.2815383
61983	122225	34.168683	-118.835986	33.406218	-111.99245
61983	153941	34.168683	-118.835986	34.001326	-117.830482
61983	153942	34.168683	-118.835986	33.70336	-117.926877
61984	61986	32.933578	-117.240016	34.438155	-119.751005
61984	61988	32.933578	-117.240016	34.111868	-118.149849
61984	62002	32.933578	-117.240016	33.889394	-118.360962
61984	62017	32.933578	-117.240016	33.519722	-117.66697
61984	62018	32.933578	-117.240016	34.025325	-118.469612
61984	62022	32.933578	-117.240016	34.166383	-118.605407
61984	122225	32.933578	-117.240016	33.406218	-111.99245
61984	153941	32.933578	-117.240016	34.001326	-117.830482
61984	153942	32.933578	-117.240016	33.70336	-117.926877
61985	61986	37.37326	-121.918838	34.438155	-119.751005
61985	61987	37.37326	-121.918838	37.284189	-121.999331
61985	61988	37.37326	-121.918838	34.111868	-118.149849
61985	61989	37.37326	-121.918838	37.647933	-122.406006
61985	61990	37.37326	-121.918838	39.324902	-120.223537
61985	62002	37.37326	-121.918838	33.889394	-118.360962
61985	62011	37.37326	-121.918838	37.771711	-121.971556
61985	62013	37.37326	-121.918838	37.405137	-122.067089
61985	62015	37.37326	-121.918838	37.761532	-122.204613
61985	62017	37.37326	-121.918838	33.519722	-117.66697
61985	62018	37.37326	-121.918838	34.025325	-118.469612
61985	62022	37.37326	-121.918838	34.166383	-118.605407
61985	64018	37.37326	-121.918838	38.569427	-121.521377
61985	88307	37.37326	-121.918838	37.780625	-122.394922
61985	88308	37.37326	-121.918838	37.740188	-122.423654
61985	88310	37.37326	-121.918838	37.773345	-122.408478
61985	88315	37.37326	-121.918838	37.809238	-122.255662
61985	88318	37.37326	-121.918838	38.573852	-121.382464
61985	88320	37.37326	-121.918838	38.679592	-121.320589
61985	121860	37.37326	-121.918838	37.83421674	-122.2815383
61985	153941	37.37326	-121.918838	34.001326	-117.830482
61985	153942	37.37326	-121.918838	33.70336	-117.926877
61986	61987	34.438155	-119.751005	37.284189	-121.999331
61986	61988	34.438155	-119.751005	34.111868	-118.149849
61986	61989	34.438155	-119.751005	37.647933	-122.406006
61986	61990	34.438155	-119.751005	39.324902	-120.223537
61986	62002	34.438155	-119.751005	33.889394	-118.360962
61986	62011	34.438155	-119.751005	37.771711	-121.971556
61986	62013	34.438155	-119.751005	37.405137	-122.067089
61986	62015	34.438155	-119.751005	37.761532	-122.204613
61986	62017	34.438155	-119.751005	33.519722	-117.66697
61986	62018	34.438155	-119.751005	34.025325	-118.469612
61986	62022	34.438155	-119.751005	34.166383	-118.605407
61986	64018	34.438155	-119.751005	38.569427	-121.521377
61986	88307	34.438155	-119.751005	37.780625	-122.394922
61986	88308	34.438155	-119.751005	37.740188	-122.423654
61986	88310	34.438155	-119.751005	37.773345	-122.408478
61986	88315	34.438155	-119.751005	37.809238	-122.255662
61986	88318	34.438155	-119.751005	38.573852	-121.382464
61986	88320	34.438155	-119.751005	38.679592	-121.320589
61986	121860	34.438155	-119.751005	37.83421674	-122.2815383
61986	153941	34.438155	-119.751005	34.001326	-117.830482
61986	153942	34.438155	-119.751005	33.70336	-117.926877
61987	61988	37.284189	-121.999331	34.111868	-118.149849
61987	61989	37.284189	-121.999331	37.647933	-122.406006
61987	61990	37.284189	-121.999331	39.324902	-120.223537
61987	62002	37.284189	-121.999331	33.889394	-118.360962
61987	62011	37.284189	-121.999331	37.771711	-121.971556
61987	62013	37.284189	-121.999331	37.405137	-122.067089
61987	62015	37.284189	-121.999331	37.761532	-122.204613
61987	62017	37.284189	-121.999331	33.519722	-117.66697
61987	62018	37.284189	-121.999331	34.025325	-118.469612
61987	62022	37.284189	-121.999331	34.166383	-118.605407
61987	64018	37.284189	-121.999331	38.569427	-121.521377
61987	88307	37.284189	-121.999331	37.780625	-122.394922
61987	88308	37.284189	-121.999331	37.740188	-122.423654
61987	88310	37.284189	-121.999331	37.773345	-122.408478
61987	88315	37.284189	-121.999331	37.809238	-122.255662
61987	88318	37.284189	-121.999331	38.573852	-121.382464
61987	88320	37.284189	-121.999331	38.679592	-121.320589
61987	121860	37.284189	-121.999331	37.83421674	-122.2815383
61987	153941	37.284189	-121.999331	34.001326	-117.830482
61987	153942	37.284189	-121.999331	33.70336	-117.926877
61988	61989	34.111868	-118.149849	37.647933	-122.406006
61988	61990	34.111868	-118.149849	39.324902	-120.223537
61988	62002	34.111868	-118.149849	33.889394	-118.360962
61988	62011	34.111868	-118.149849	37.771711	-121.971556
61988	62013	34.111868	-118.149849	37.405137	-122.067089
61988	62015	34.111868	-118.149849	37.761532	-122.204613
61988	62017	34.111868	-118.149849	33.519722	-117.66697
61988	62018	34.111868	-118.149849	34.025325	-118.469612
61988	62022	34.111868	-118.149849	34.166383	-118.605407
61988	64018	34.111868	-118.149849	38.569427	-121.521377
61988	88307	34.111868	-118.149849	37.780625	-122.394922
61988	88308	34.111868	-118.149849	37.740188	-122.423654
61988	88310	34.111868	-118.149849	37.773345	-122.408478
61988	88315	34.111868	-118.149849	37.809238	-122.255662
61988	88318	34.111868	-118.149849	38.573852	-121.382464
61988	88320	34.111868	-118.149849	38.679592	-121.320589
61988	121860	34.111868	-118.149849	37.83421674	-122.2815383
61988	122225	34.111868	-118.149849	33.406218	-111.99245
61988	153941	34.111868	-118.149849	34.001326	-117.830482
61988	153942	34.111868	-118.149849	33.70336	-117.926877
61989	61990	37.647933	-122.406006	39.324902	-120.223537
61989	62002	37.647933	-122.406006	33.889394	-118.360962
61989	62011	37.647933	-122.406006	37.771711	-121.971556
61989	62013	37.647933	-122.406006	37.405137	-122.067089
61989	62015	37.647933	-122.406006	37.761532	-122.204613
61989	62017	37.647933	-122.406006	33.519722	-117.66697
61989	62018	37.647933	-122.406006	34.025325	-118.469612
61989	62022	37.647933	-122.406006	34.166383	-118.605407
61989	64018	37.647933	-122.406006	38.569427	-121.521377
61989	88307	37.647933	-122.406006	37.780625	-122.394922
61989	88308	37.647933	-122.406006	37.740188	-122.423654
61989	88310	37.647933	-122.406006	37.773345	-122.408478
61989	88315	37.647933	-122.406006	37.809238	-122.255662
61989	88318	37.647933	-122.406006	38.573852	-121.382464
61989	88320	37.647933	-122.406006	38.679592	-121.320589
61989	121860	37.647933	-122.406006	37.83421674	-122.2815383
61989	153941	37.647933	-122.406006	34.001326	-117.830482
61989	153942	37.647933	-122.406006	33.70336	-117.926877
61990	62002	39.324902	-120.223537	33.889394	-118.360962
61990	62011	39.324902	-120.223537	37.771711	-121.971556
61990	62013	39.324902	-120.223537	37.405137	-122.067089
61990	62015	39.324902	-120.223537	37.761532	-122.204613
61990	62018	39.324902	-120.223537	34.025325	-118.469612
61990	62022	39.324902	-120.223537	34.166383	-118.605407
61990	64018	39.324902	-120.223537	38.569427	-121.521377
61990	88307	39.324902	-120.223537	37.780625	-122.394922
61990	88308	39.324902	-120.223537	37.740188	-122.423654
61990	88310	39.324902	-120.223537	37.773345	-122.408478
61990	88315	39.324902	-120.223537	37.809238	-122.255662
61990	88318	39.324902	-120.223537	38.573852	-121.382464
61990	88320	39.324902	-120.223537	38.679592	-121.320589
61990	121860	39.324902	-120.223537	37.83421674	-122.2815383
61990	153941	39.324902	-120.223537	34.001326	-117.830482
62002	62011	33.889394	-118.360962	37.771711	-121.971556
62002	62013	33.889394	-118.360962	37.405137	-122.067089
62002	62015	33.889394	-118.360962	37.761532	-122.204613
62002	62017	33.889394	-118.360962	33.519722	-117.66697
62002	62018	33.889394	-118.360962	34.025325	-118.469612
62002	62022	33.889394	-118.360962	34.166383	-118.605407
62002	64018	33.889394	-118.360962	38.569427	-121.521377
62002	88307	33.889394	-118.360962	37.780625	-122.394922
62002	88308	33.889394	-118.360962	37.740188	-122.423654
62002	88310	33.889394	-118.360962	37.773345	-122.408478
62002	88315	33.889394	-118.360962	37.809238	-122.255662
62002	88318	33.889394	-118.360962	38.573852	-121.382464
62002	88320	33.889394	-118.360962	38.679592	-121.320589
62002	121860	33.889394	-118.360962	37.83421674	-122.2815383
62002	122225	33.889394	-118.360962	33.406218	-111.99245
62002	153941	33.889394	-118.360962	34.001326	-117.830482
62002	153942	33.889394	-118.360962	33.70336	-117.926877
62011	62013	37.771711	-121.971556	37.405137	-122.067089
62011	62015	37.771711	-121.971556	37.761532	-122.204613
62011	62017	37.771711	-121.971556	33.519722	-117.66697
62011	62018	37.771711	-121.971556	34.025325	-118.469612
62011	62022	37.771711	-121.971556	34.166383	-118.605407
62011	64018	37.771711	-121.971556	38.569427	-121.521377
62011	88307	37.771711	-121.971556	37.780625	-122.394922
62011	88308	37.771711	-121.971556	37.740188	-122.423654
62011	88310	37.771711	-121.971556	37.773345	-122.408478
62011	88315	37.771711	-121.971556	37.809238	-122.255662
62011	88318	37.771711	-121.971556	38.573852	-121.382464
62011	88320	37.771711	-121.971556	38.679592	-121.320589
62011	121860	37.771711	-121.971556	37.83421674	-122.2815383
62011	153941	37.771711	-121.971556	34.001326	-117.830482
62011	153942	37.771711	-121.971556	33.70336	-117.926877
62013	62015	37.405137	-122.067089	37.761532	-122.204613
62013	62017	37.405137	-122.067089	33.519722	-117.66697
62013	62018	37.405137	-122.067089	34.025325	-118.469612
62013	62022	37.405137	-122.067089	34.166383	-118.605407
62013	64018	37.405137	-122.067089	38.569427	-121.521377
62013	88307	37.405137	-122.067089	37.780625	-122.394922
62013	88308	37.405137	-122.067089	37.740188	-122.423654
62013	88310	37.405137	-122.067089	37.773345	-122.408478
62013	88315	37.405137	-122.067089	37.809238	-122.255662
62013	88318	37.405137	-122.067089	38.573852	-121.382464
62013	88320	37.405137	-122.067089	38.679592	-121.320589
62013	121860	37.405137	-122.067089	37.83421674	-122.2815383
62013	153941	37.405137	-122.067089	34.001326	-117.830482
62013	153942	37.405137	-122.067089	33.70336	-117.926877
62015	62017	37.761532	-122.204613	33.519722	-117.66697
62015	62018	37.761532	-122.204613	34.025325	-118.469612
62015	62022	37.761532	-122.204613	34.166383	-118.605407
62015	64018	37.761532	-122.204613	38.569427	-121.521377
62015	88307	37.761532	-122.204613	37.780625	-122.394922
62015	88308	37.761532	-122.204613	37.740188	-122.423654
62015	88310	37.761532	-122.204613	37.773345	-122.408478
62015	88315	37.761532	-122.204613	37.809238	-122.255662
62015	88318	37.761532	-122.204613	38.573852	-121.382464
62015	88320	37.761532	-122.204613	38.679592	-121.320589
62015	121860	37.761532	-122.204613	37.83421674	-122.2815383
62015	153941	37.761532	-122.204613	34.001326	-117.830482
62015	153942	37.761532	-122.204613	33.70336	-117.926877
62017	62018	33.519722	-117.66697	34.025325	-118.469612
62017	62022	33.519722	-117.66697	34.166383	-118.605407
62017	88307	33.519722	-117.66697	37.780625	-122.394922
62017	88308	33.519722	-117.66697	37.740188	-122.423654
62017	88310	33.519722	-117.66697	37.773345	-122.408478
62017	88315	33.519722	-117.66697	37.809238	-122.255662
62017	121860	33.519722	-117.66697	37.83421674	-122.2815383
62017	122225	33.519722	-117.66697	33.406218	-111.99245
62017	153941	33.519722	-117.66697	34.001326	-117.830482
62017	153942	33.519722	-117.66697	33.70336	-117.926877
62018	62022	34.025325	-118.469612	34.166383	-118.605407
62018	64018	34.025325	-118.469612	38.569427	-121.521377
62018	88307	34.025325	-118.469612	37.780625	-122.394922
62018	88308	34.025325	-118.469612	37.740188	-122.423654
62018	88310	34.025325	-118.469612	37.773345	-122.408478
62018	88315	34.025325	-118.469612	37.809238	-122.255662
62018	88318	34.025325	-118.469612	38.573852	-121.382464
62018	88320	34.025325	-118.469612	38.679592	-121.320589
62018	121860	34.025325	-118.469612	37.83421674	-122.2815383
62018	122225	34.025325	-118.469612	33.406218	-111.99245
62018	153941	34.025325	-118.469612	34.001326	-117.830482
62018	153942	34.025325	-118.469612	33.70336	-117.926877
62022	64018	34.166383	-118.605407	38.569427	-121.521377
62022	88307	34.166383	-118.605407	37.780625	-122.394922
62022	88308	34.166383	-118.605407	37.740188	-122.423654
62022	88310	34.166383	-118.605407	37.773345	-122.408478
62022	88315	34.166383	-118.605407	37.809238	-122.255662
62022	88318	34.166383	-118.605407	38.573852	-121.382464
62022	88320	34.166383	-118.605407	38.679592	-121.320589
62022	121860	34.166383	-118.605407	37.83421674	-122.2815383
62022	122225	34.166383	-118.605407	33.406218	-111.99245
62022	153941	34.166383	-118.605407	34.001326	-117.830482
62022	153942	34.166383	-118.605407	33.70336	-117.926877
64018	88307	38.569427	-121.521377	37.780625	-122.394922
64018	88308	38.569427	-121.521377	37.740188	-122.423654
64018	88310	38.569427	-121.521377	37.773345	-122.408478
64018	88315	38.569427	-121.521377	37.809238	-122.255662
64018	88318	38.569427	-121.521377	38.573852	-121.382464
64018	88320	38.569427	-121.521377	38.679592	-121.320589
64018	121860	38.569427	-121.521377	37.83421674	-122.2815383
64018	153941	38.569427	-121.521377	34.001326	-117.830482
64018	153942	38.569427	-121.521377	33.70336	-117.926877
66740	82474	19.808914	-155.840915	21.343935	-157.897062
66767	66848	42.387412	-71.07446	41.843121	-73.081003
70260	73480	40.78093	-81.36797	42.957467	-83.652711
88307	88308	37.780625	-122.394922	37.740188	-122.423654
88307	88310	37.780625	-122.394922	37.773345	-122.408478
88307	88315	37.780625	-122.394922	37.809238	-122.255662
88307	88318	37.780625	-122.394922	38.573852	-121.382464
88307	88320	37.780625	-122.394922	38.679592	-121.320589
88307	121860	37.780625	-122.394922	37.83421674	-122.2815383
88307	153941	37.780625	-122.394922	34.001326	-117.830482
88307	153942	37.780625	-122.394922	33.70336	-117.926877
88308	88310	37.740188	-122.423654	37.773345	-122.408478
88308	88315	37.740188	-122.423654	37.809238	-122.255662
88308	88318	37.740188	-122.423654	38.573852	-121.382464
88308	88320	37.740188	-122.423654	38.679592	-121.320589
88308	121860	37.740188	-122.423654	37.83421674	-122.2815383
88308	153941	37.740188	-122.423654	34.001326	-117.830482
88308	153942	37.740188	-122.423654	33.70336	-117.926877
88310	88315	37.773345	-122.408478	37.809238	-122.255662
88310	88318	37.773345	-122.408478	38.573852	-121.382464
88310	88320	37.773345	-122.408478	38.679592	-121.320589
88310	121860	37.773345	-122.408478	37.83421674	-122.2815383
88310	153941	37.773345	-122.408478	34.001326	-117.830482
88310	153942	37.773345	-122.408478	33.70336	-117.926877
88315	88318	37.809238	-122.255662	38.573852	-121.382464
88315	88320	37.809238	-122.255662	38.679592	-121.320589
88315	121860	37.809238	-122.255662	37.83421674	-122.2815383
88315	153941	37.809238	-122.255662	34.001326	-117.830482
88315	153942	37.809238	-122.255662	33.70336	-117.926877
88318	88320	38.573852	-121.382464	38.679592	-121.320589
88318	121860	38.573852	-121.382464	37.83421674	-122.2815383
88318	153941	38.573852	-121.382464	34.001326	-117.830482
88318	153942	38.573852	-121.382464	33.70336	-117.926877
88320	121860	38.679592	-121.320589	37.83421674	-122.2815383
88320	153941	38.679592	-121.320589	34.001326	-117.830482
88320	153942	38.679592	-121.320589	33.70336	-117.926877
121860	153941	37.83421674	-122.2815383	34.001326	-117.830482
121860	153942	37.83421674	-122.2815383	33.70336	-117.926877
122225	153941	33.406218	-111.99245	34.001326	-117.830482
122225	153942	33.406218	-111.99245	33.70336	-117.926877
153941	153942	34.001326	-117.830482	33.70336	-117.926877
\.


--
-- Data for Name: spatial_ref_sys; Type: TABLE DATA; Schema: public; Owner: user
--

COPY public.spatial_ref_sys (srid, auth_name, auth_srid, srtext, proj4text) FROM stdin;
\.


--
-- PostgreSQL database dump complete
--

