,id1,id2,lat1,lon1,lat2,lon2,TravelTime,Distance
0,21796,27339,33.812361,-116.39544,33.663511,-117.85639,117.2979354,176.6804708
1,21796,30131,33.812361,-116.39544,33.858556,-118.31461,138.5819768,198.1266054
2,21796,33581,33.812361,-116.39544,33.941383,-118.37787,144.9102994,210.7414696
3,21796,33582,33.812361,-116.39544,33.2144417,-117.38703,125.8705237,193.9144944
4,21796,61710,33.812361,-116.39544,33.843799,-118.31332,140.3015778,199.6141066
5,21796,61967,33.812361,-116.39544,33.855862,-117.83774,102.0020803,151.5051866
6,21796,61968,33.812361,-116.39544,34.076363,-118.35867,143.6847605,200.1364708
7,21796,61970,33.812361,-116.39544,34.0621924,-118.17361,115.7753216,179.937947
8,21796,61972,33.812361,-116.39544,37.271941,-121.95464,434.835545,734.2396627
9,21796,61973,33.812361,-116.39544,36.25298,-120.23943,297.443434,504.515444
10,21796,61974,33.812361,-116.39544,33.648692,-117.91861,119.1346787,175.1393834
11,21796,61976,33.812361,-116.39544,34.200017,-118.19116,122.3757437,192.0238377
12,21796,61978,33.812361,-116.39544,33.661543,-117.66847,109.8406822,166.6950962
13,21796,61979,33.812361,-116.39544,33.819222,-118.18973,130.8599412,193.2758287
14,21796,61980,33.812361,-116.39544,34.101336,-118.31403,132.7492041,195.3798311
15,21796,61981,33.812361,-116.39544,33.963119,-118.42146,150.9243847,216.2641855
16,21796,61983,33.812361,-116.39544,34.168683,-118.83599,165.0178677,252.3246735
17,21796,61984,33.812361,-116.39544,32.933578,-117.24002,136.7325234,223.9983296
18,21796,61985,33.812361,-116.39544,37.37326,-121.91884,435.9246853,735.2994196
19,21796,61986,33.812361,-116.39544,34.438155,-119.75101,226.8670043,347.7609331
20,21796,61987,33.812361,-116.39544,37.284189,-121.99933,436.5094197,737.5054213
21,21796,61988,33.812361,-116.39544,34.111868,-118.14985,120.6607701,181.0145757
22,21796,62002,33.812361,-116.39544,33.889394,-118.36096,143.9584297,203.7719322
23,21796,62017,33.812361,-116.39544,33.519722,-117.66697,120.906586,183.7896232
24,21796,62018,33.812361,-116.39544,34.025325,-118.46961,146.5922608,210.3278548
25,21796,62022,33.812361,-116.39544,34.166383,-118.60541,152.3677599,229.4151258
26,21796,122225,33.812361,-116.39544,33.406218,-111.99245,238.2657898,426.4029294
27,21796,153941,33.812361,-116.39544,34.001326,-117.83048,95.29393921,145.9096581
28,21796,153942,33.812361,-116.39544,33.70336,-117.92688,121.9739667,175.2591144
29,27339,30131,33.663511,-117.85639,33.858556,-118.31461,44.26700273,52.77652777
30,27339,33581,33.663511,-117.85639,33.941383,-118.37787,56.08764077,65.23770362
31,27339,33582,33.663511,-117.85639,33.2144417,-117.38703,48.11386271,74.99035457
32,27339,48407,33.663511,-117.85639,37.8342676,-122.28158,411.7934059,668.2940277
33,27339,61710,33.663511,-117.85639,33.843799,-118.31332,45.98660379,54.264029
34,27339,61950,33.663511,-117.85639,37.418914,-122.1331,406.0928237,645.5836345
35,27339,61967,33.663511,-117.85639,33.855862,-117.83774,23.24203861,25.34928559
36,27339,61968,33.663511,-117.85639,34.076363,-118.35867,81.4384242,82.45672871
37,27339,61970,33.663511,-117.85639,34.0621924,-118.17361,57.23361488,63.96461763
38,27339,61972,33.663511,-117.85639,37.271941,-121.95464,386.8196121,618.1377139
39,27339,61973,33.663511,-117.85639,36.25298,-120.23943,249.4275011,388.4134952
40,27339,61974,33.663511,-117.85639,33.648692,-117.91861,10.18251338,9.437940332
41,27339,61975,33.663511,-117.85639,37.666686,-122.10635,401.1979583,650.5052359
42,27339,61976,33.663511,-117.85639,34.200017,-118.19116,78.37096656,98.39708
43,27339,61977,33.663511,-117.85639,37.52217,-121.9685,401.971815,636.4036251
44,27339,61978,33.663511,-117.85639,33.661543,-117.66847,20.5019341,26.94420722
45,27339,61979,33.663511,-117.85639,33.819222,-118.18973,33.7436525,39.19648148
46,27339,61980,33.663511,-117.85639,34.101336,-118.31403,74.32001927,75.97924495
47,27339,61981,33.663511,-117.85639,33.963119,-118.42146,61.59742494,70.49960235
48,27339,61982,33.663511,-117.85639,37.888823,-122.51798,442.317116,703.43876
49,27339,61983,33.663511,-117.85639,34.168683,-118.83599,113.0621185,129.2549741
50,27339,61984,33.663511,-117.85639,32.933578,-117.24002,71.01389438,109.2329324
51,27339,61985,33.663511,-117.85639,37.37326,-121.91884,387.9087524,619.1974709
52,27339,61986,33.663511,-117.85639,34.438155,-119.75101,174.9112552,224.6912337
53,27339,61987,33.663511,-117.85639,37.284189,-121.99933,388.4934868,621.4034725
54,27339,61988,33.663511,-117.85639,34.111868,-118.14985,64.11030099,69.88772459
55,27339,61989,33.663511,-117.85639,37.647933,-122.40601,426.1321203,682.5288128
56,27339,62002,33.663511,-117.85639,33.889394,-118.36096,49.64345561,58.4218546
57,27339,62011,33.663511,-117.85639,37.771711,-121.97156,391.0418628,636.6924075
58,27339,62013,33.663511,-117.85639,37.405137,-122.06709,397.8055043,636.3811093
59,27339,62015,33.663511,-117.85639,37.761532,-122.20461,408.8941866,657.8646759
60,27339,62017,33.663511,-117.85639,33.519722,-117.66697,19.13310619,28.04526112
61,27339,62018,33.663511,-117.85639,34.025325,-118.46961,72.36623572,79.94143577
62,27339,62022,33.663511,-117.85639,34.166383,-118.60541,100.4120108,106.3454265
63,27339,64018,33.663511,-117.85639,38.569427,-121.52138,416.7028727,687.2015886
64,27339,88307,33.663511,-117.85639,37.780625,-122.39492,429.1970255,681.3704418
65,27339,88308,33.663511,-117.85639,37.740188,-122.42365,433.9514368,694.7616213
66,27339,88310,33.663511,-117.85639,37.773345,-122.40848,428.3364133,681.2070674
67,27339,88315,33.663511,-117.85639,37.809238,-122.25566,409.3596648,665.3193559
68,27339,88318,33.663511,-117.85639,38.573852,-121.38246,424.5893457,698.0608225
69,27339,88320,33.663511,-117.85639,38.679592,-121.32059,431.3000628,710.931553
70,27339,121860,33.663511,-117.85639,37.8342167,-122.28154,411.7545767,668.2875562
71,27339,122225,33.663511,-117.85639,33.406218,-111.99245,344.6840362,590.2136185
72,27339,153941,33.663511,-117.85639,34.001326,-117.83048,42.03072901,46.30882072
73,27339,153942,33.663511,-117.85639,33.70336,-117.92688,12.69195259,10.75241564
74,30131,33581,33.858556,-118.31461,33.941383,-118.37787,15.02243308,13.63008832
75,30131,33582,33.858556,-118.31461,33.2144417,-117.38703,87.51318055,123.8769094
76,30131,48407,33.858556,-118.31461,37.8342676,-122.28158,381.6460026,618.3123291
77,30131,61710,33.858556,-118.31461,33.843799,-118.31332,3.246837588,2.370133827
78,30131,61950,33.858556,-118.31461,37.418914,-122.1331,375.9454203,595.6019358
79,30131,61967,33.858556,-118.31461,33.855862,-117.83774,43.3087376,47.33573785
80,30131,61968,33.858556,-118.31461,34.076363,-118.35867,46.36812573,35.37665644
81,30131,61970,33.858556,-118.31461,34.0621924,-118.17361,35.93908109,35.19612819
82,30131,61972,33.858556,-118.31461,37.271941,-121.95464,356.6722088,568.1560153
83,30131,61973,33.858556,-118.31461,36.25298,-120.23943,219.2800977,338.4317966
84,30131,61974,33.858556,-118.31461,33.648692,-117.91861,44.65514059,48.5470574
85,30131,61975,33.858556,-118.31461,37.666686,-122.10635,371.0505549,600.5235373
86,30131,61976,33.858556,-118.31461,34.200017,-118.19116,49.88624951,48.65413662
87,30131,61977,33.858556,-118.31461,37.52217,-121.9685,371.8244116,586.4219265
88,30131,61978,33.858556,-118.31461,33.661543,-117.66847,60.82964365,76.51723741
89,30131,61979,33.858556,-118.31461,33.819222,-118.18973,15.92826087,13.9473815
90,30131,61980,33.858556,-118.31461,34.101336,-118.31403,42.20344125,34.62078447
91,30131,61981,33.858556,-118.31461,33.963119,-118.42146,20.53221726,18.89198706
92,30131,61982,33.858556,-118.31461,37.888823,-122.51798,412.1697127,653.4570614
93,30131,61983,33.858556,-118.31461,34.168683,-118.83599,71.99691085,77.64735881
94,30131,61984,33.858556,-118.31461,32.933578,-117.24002,110.4132122,158.1194873
95,30131,61985,33.858556,-118.31461,37.37326,-121.91884,357.761349,569.2157722
96,30131,61986,33.858556,-118.31461,34.438155,-119.75101,133.8460475,173.0836184
97,30131,61987,33.858556,-118.31461,37.284189,-121.99933,358.3460834,571.4217739
98,30131,61988,33.858556,-118.31461,34.111868,-118.14985,42.8157672,41.11923514
99,30131,61989,33.858556,-118.31461,37.647933,-122.40601,395.984717,632.5471141
100,30131,61990,33.858556,-118.31461,39.324902,-120.22354,480.3065028,797.8417764
101,30131,62002,33.858556,-118.31461,33.889394,-118.36096,8.57824792,6.814239303
102,30131,62011,33.858556,-118.31461,37.771711,-121.97156,360.8944595,586.7107089
103,30131,62013,33.858556,-118.31461,37.405137,-122.06709,367.6581009,586.3994107
104,30131,62015,33.858556,-118.31461,37.761532,-122.20461,378.7467832,607.8829773
105,30131,62017,33.858556,-118.31461,33.519722,-117.66697,58.53242403,76.93181598
106,30131,62018,33.858556,-118.31461,34.025325,-118.46961,31.30102803,28.33382047
107,30131,62022,33.858556,-118.31461,34.166383,-118.60541,59.3468031,54.73781118
108,30131,64018,33.858556,-118.31461,38.569427,-121.52138,386.5554693,637.2198899
109,30131,88307,33.858556,-118.31461,37.780625,-122.39492,399.0496221,631.3887432
110,30131,88308,33.858556,-118.31461,37.740188,-122.42365,403.8040334,644.7799227
111,30131,88310,33.858556,-118.31461,37.773345,-122.40848,398.1890099,631.2253688
112,30131,88315,33.858556,-118.31461,37.809238,-122.25566,379.2122614,615.3376572
113,30131,88318,33.858556,-118.31461,38.573852,-121.38246,394.4419423,648.0791239
114,30131,88320,33.858556,-118.31461,38.679592,-121.32059,401.1526595,660.9498544
115,30131,121860,33.858556,-118.31461,37.8342167,-122.28154,381.6071733,618.3058576
116,30131,122225,33.858556,-118.31461,33.406218,-111.99245,377.2638999,621.5929355
117,30131,153941,33.858556,-118.31461,34.001326,-117.83048,57.37045692,63.25774351
118,30131,153942,33.858556,-118.31461,33.70336,-117.92688,40.89307884,44.51118483
119,33062,70260,42.305644,-83.162105,40.78093,-81.36797,200.27119,337.4040241
120,33062,73480,42.305644,-83.162105,42.957467,-83.652711,72.67610248,110.3512814
121,33476,41135,42.549221,-71.284134,41.490507,-72.760932,133.5746538,210.642576
122,33476,60205,42.549221,-71.284134,39.611522,-75.739514,388.8246778,574.5886948
123,33476,61099,42.549221,-71.284134,40.592118,-73.585241,272.9320652,391.0437187
124,33476,66767,42.549221,-71.284134,42.387412,-71.07446,35.33716477,34.53185622
125,33476,66848,42.549221,-71.284134,41.843121,-73.081003,159.7287123,217.7448657
126,33581,33582,33.941383,-118.37787,33.2144417,-117.38703,101.3024791,136.209783
127,33581,48407,33.941383,-118.37787,37.8342676,-122.28158,372.1426427,606.9721705
128,33581,61710,33.941383,-118.37787,33.843799,-118.31332,18.0358381,14.84178807
129,33581,61950,33.941383,-118.37787,37.418914,-122.1331,366.4420605,584.2617772
130,33581,61967,33.941383,-118.37787,33.855862,-117.83774,54.02644527,58.14822799
131,33581,61968,33.941383,-118.37787,34.076363,-118.35867,29.50738959,17.46949518
132,33581,61970,33.941383,-118.37787,34.0621924,-118.17361,39.73616941,38.3710266
133,33581,61972,33.941383,-118.37787,37.271941,-121.95464,347.1688489,556.8158566
134,33581,61973,33.941383,-118.37787,36.25298,-120.23943,209.7767378,327.0916379
135,33581,61974,33.941383,-118.37787,33.648692,-117.91861,58.44443915,60.87993092
136,33581,61975,33.941383,-118.37787,37.666686,-122.10635,361.5471951,589.1833786
137,33581,61976,33.941383,-118.37787,34.200017,-118.19116,53.25188524,48.79485995
138,33581,61977,33.941383,-118.37787,37.52217,-121.9685,362.3210518,575.0817678
139,33581,61978,33.941383,-118.37787,33.661543,-117.66847,74.25445433,87.29998323
140,33581,61979,33.941383,-118.37787,33.819222,-118.18973,29.71755943,26.28025502
141,33581,61980,33.941383,-118.37787,34.101336,-118.31403,45.56907698,34.7615078
142,33581,61981,33.941383,-118.37787,33.963119,-118.42146,8.156410417,5.723798238
143,33581,61982,33.941383,-118.37787,37.888823,-122.51798,402.6663528,642.1169027
144,33581,61983,33.941383,-118.37787,34.168683,-118.83599,62.49355098,66.30720019
145,33581,61984,33.941383,-118.37787,32.933578,-117.24002,124.2025108,170.4523608
146,33581,61985,33.941383,-118.37787,37.37326,-121.91884,348.2579891,557.8756136
147,33581,61986,33.941383,-118.37787,34.438155,-119.75101,124.3426876,161.7434598
148,33581,61987,33.941383,-118.37787,37.284189,-121.99933,348.8427235,560.0816153
149,33581,61988,33.941383,-118.37787,34.111868,-118.14985,46.61285552,44.29413355
150,33581,61989,33.941383,-118.37787,37.647933,-122.40601,386.4813571,621.2069555
151,33581,61990,33.941383,-118.37787,39.324902,-120.22354,470.803143,786.5016178
152,33581,62002,33.941383,-118.37787,33.889394,-118.36096,9.797608206,7.003681743
153,33581,62011,33.941383,-118.37787,37.771711,-121.97156,351.3910996,575.3705503
154,33581,62013,33.941383,-118.37787,37.405137,-122.06709,358.154741,575.0592521
155,33581,62015,33.941383,-118.37787,37.761532,-122.20461,369.2434233,596.5428186
156,33581,62017,33.941383,-118.37787,33.519722,-117.66697,72.32172259,89.2646895
157,33581,62018,33.941383,-118.37787,34.025325,-118.46961,21.79766815,16.99366185
158,33581,62022,33.941383,-118.37787,34.166383,-118.60541,49.84344322,43.39765256
159,33581,64018,33.941383,-118.37787,38.569427,-121.52138,377.0521094,625.8797313
160,33581,88307,33.941383,-118.37787,37.780625,-122.39492,389.5462622,620.0485846
161,33581,88308,33.941383,-118.37787,37.740188,-122.42365,394.3006735,633.4397641
162,33581,88310,33.941383,-118.37787,37.773345,-122.40848,388.68565,619.8852101
163,33581,88315,33.941383,-118.37787,37.809238,-122.25566,369.7089015,603.9974986
164,33581,88318,33.941383,-118.37787,38.573852,-121.38246,384.9385824,636.7389653
165,33581,88320,33.941383,-118.37787,38.679592,-121.32059,391.6492996,649.6096958
166,33581,121860,33.941383,-118.37787,37.8342167,-122.28154,372.1038135,606.965699
167,33581,122225,33.941383,-118.37787,33.406218,-111.99245,387.6030921,631.6943477
168,33581,153941,33.941383,-118.37787,34.001326,-117.83048,62.70571064,63.38037609
169,33581,153942,33.941383,-118.37787,33.70336,-117.92688,54.6823774,56.84405835
170,33582,61710,33.2144417,-117.38703,33.843799,-118.31332,85.44305838,124.992783
171,33582,61950,33.2144417,-117.38703,37.418914,-122.1331,445.5492783,716.3123884
172,33582,61967,33.2144417,-117.38703,33.855862,-117.83774,61.32957202,91.23581271
173,33582,61968,33.2144417,-117.38703,34.076363,-118.35867,120.8948788,153.1854827
174,33582,61970,33.2144417,-117.38703,34.0621924,-118.17361,96.69006947,134.6933716
175,33582,61972,33.2144417,-117.38703,37.271941,-121.95464,426.2760667,688.8664679
176,33582,61973,33.2144417,-117.38703,36.25298,-120.23943,288.8839557,459.1422492
177,33582,61974,33.2144417,-117.38703,33.648692,-117.91861,49.63896797,80.16669432
178,33582,61976,33.2144417,-117.38703,34.200017,-118.19116,117.8274211,169.125834
179,33582,61977,33.2144417,-117.38703,37.52217,-121.9685,441.4282696,707.1323791
180,33582,61978,33.2144417,-117.38703,33.661543,-117.66847,45.21258935,66.78263475
181,33582,61979,33.2144417,-117.38703,33.819222,-118.18973,73.20010708,109.9252355
182,33582,61980,33.2144417,-117.38703,34.101336,-118.31403,113.7764739,146.7079989
183,33582,61981,33.2144417,-117.38703,33.963119,-118.42146,101.0538795,141.2283563
184,33582,61983,33.2144417,-117.38703,34.168683,-118.83599,152.5185731,199.9837281
185,33582,61984,33.2144417,-117.38703,32.933578,-117.24002,26.99882572,36.0709484
186,33582,61985,33.2144417,-117.38703,37.37326,-121.91884,427.365207,689.9262248
187,33582,61986,33.2144417,-117.38703,34.438155,-119.75101,214.3677098,295.4199877
188,33582,61987,33.2144417,-117.38703,37.284189,-121.99933,427.9499413,692.1322265
189,33582,61988,33.2144417,-117.38703,34.111868,-118.14985,103.5667556,140.6164786
190,33582,62002,33.2144417,-117.38703,33.889394,-118.36096,89.0999102,129.1506086
191,33582,62013,33.2144417,-117.38703,37.405137,-122.06709,437.2619588,707.1098633
192,33582,62017,33.2144417,-117.38703,33.519722,-117.66697,29.47518991,47.0797758
193,33582,62018,33.2144417,-117.38703,34.025325,-118.46961,111.8226903,150.6701898
194,33582,62022,33.2144417,-117.38703,34.166383,-118.60541,139.8684654,177.0741805
195,33582,122225,33.2144417,-117.38703,33.406218,-111.99245,365.3645542,618.720947
196,33582,153941,33.2144417,-117.38703,34.001326,-117.83048,79.6790717,112.2604436
197,33582,153942,33.2144417,-117.38703,33.70336,-117.92688,52.14840717,81.48116963
198,41135,60205,41.490507,-72.760932,39.611522,-75.739514,264.7510937,372.3020028
199,41135,61099,41.490507,-72.760932,40.592118,-73.585241,144.1887528,184.5696978
200,41135,66767,41.490507,-72.760932,42.387412,-71.07446,134.1088757,200.7438001
201,41135,66848,41.490507,-72.760932,41.843121,-73.081003,53.42059583,73.8336758
202,48407,61710,37.8342676,-122.28158,33.843799,-118.31332,385.8372744,619.6142733
203,48407,61950,37.8342676,-122.28158,37.418914,-122.1331,59.52539198,63.91904591
204,48407,61967,37.8342676,-122.28158,33.855862,-117.83774,404.4560002,647.533164
205,48407,61968,37.8342676,-122.28158,34.076363,-118.35867,358.0850541,592.8883528
206,48407,61970,37.8342676,-122.28158,34.0621924,-118.17361,363.0141771,604.4374726
207,48407,61972,37.8342676,-122.28158,37.271941,-121.95464,64.70669769,80.01503938
208,48407,61973,37.8342676,-122.28158,36.25298,-120.23943,170.1477829,281.1988673
209,48407,61974,37.8342676,-122.28158,33.648692,-117.91861,414.2582986,661.5072909
210,48407,61975,37.8342676,-122.28158,37.666686,-122.10635,25.61607678,27.7395315
211,48407,61976,37.8342676,-122.28158,34.200017,-118.19116,345.8747926,592.7559395
212,48407,61977,37.8342676,-122.28158,37.52217,-121.9685,44.7013866,49.39387208
213,48407,61978,37.8342676,-122.28158,33.661543,-117.66847,424.5750778,676.6936954
214,48407,61979,37.8342676,-122.28158,33.819222,-118.18973,388.7998442,632.3661845
215,48407,61980,37.8342676,-122.28158,34.101336,-118.31403,348.0249962,589.4190371
216,48407,61981,37.8342676,-122.28158,33.963119,-118.42146,371.6528687,605.3384449
217,48407,61982,37.8342676,-122.28158,37.888823,-122.51798,33.89497531,35.44908766
218,48407,61983,37.8342676,-122.28158,34.168683,-118.83599,362.2744214,620.4777432
219,48407,61985,37.8342676,-122.28158,37.37326,-121.91884,56.31277926,66.45453998
220,48407,61986,37.8342676,-122.28158,34.438155,-119.75101,324.0017569,510.6305685
221,48407,61987,37.8342676,-122.28158,37.284189,-121.99933,69.54684704,81.0885301
222,48407,61988,37.8342676,-122.28158,34.111868,-118.14985,357.1252009,604.0455402
223,48407,61989,37.8342676,-122.28158,37.647933,-122.40601,35.72079883,31.20350055
224,48407,61990,37.8342676,-122.28158,39.324902,-120.22354,184.6450849,283.4271137
225,48407,62002,37.8342676,-122.28158,33.889394,-118.36096,377.5990445,611.776167
226,48407,62011,37.8342676,-122.28158,37.771711,-121.97156,35.63445478,39.15275601
227,48407,62013,37.8342676,-122.28158,37.405137,-122.06709,59.15875774,66.90191153
228,48407,62015,37.8342676,-122.28158,37.761532,-122.20461,18.90542582,14.58768241
229,48407,62017,37.8342676,-122.28158,33.519722,-117.66697,428.135582,689.8920495
230,48407,62018,37.8342676,-122.28158,34.025325,-118.46961,359.0878615,596.5975518
231,48407,62022,37.8342676,-122.28158,34.166383,-118.60541,350.9823558,590.8974643
232,48407,64018,37.8342676,-122.28158,38.569427,-121.52138,92.20121431,124.1014731
233,48407,88307,37.8342676,-122.28158,37.780625,-122.39492,24.63590884,16.01699358
234,48407,88308,37.8342676,-122.28158,37.740188,-122.42365,31.15762627,22.88570454
235,48407,88310,37.8342676,-122.28158,37.773345,-122.40848,23.77529665,15.85361911
236,48407,88315,37.8342676,-122.28158,37.809238,-122.25566,8.769212377,5.193093454
237,48407,88318,37.8342676,-122.28158,38.573852,-121.38246,102.1645125,138.4183296
238,48407,88320,37.8342676,-122.28158,38.679592,-121.32059,105.4912416,146.5351917
239,48407,121860,37.8342676,-122.28158,37.8342167,-122.28154,0.038829248,0.006471541
240,48407,153941,37.8342676,-122.28158,34.001326,-117.83048,390.957548,645.9447495
241,48407,153942,37.8342676,-122.28158,33.70336,-117.92688,410.4962368,657.4714183
242,60205,61099,39.611522,-75.739514,40.592118,-73.585241,201.5467463,268.8481631
243,60205,66767,39.611522,-75.739514,42.387412,-71.07446,385.9137926,560.1170258
244,60205,66848,39.611522,-75.739514,41.843121,-73.081003,271.3798309,399.6734127
245,60205,70260,39.611522,-75.739514,40.78093,-81.36797,410.2866404,694.1537231
246,61099,66767,40.592118,-73.585241,42.387412,-71.07446,272.2150162,379.3558752
247,61099,66848,40.592118,-73.585241,41.843121,-73.081003,159.6344989,218.9981737
248,61710,61950,33.843799,-118.31332,37.418914,-122.1331,378.7714667,597.8271231
249,61710,61967,33.843799,-118.31332,33.855862,-117.83774,45.33579843,48.81773958
250,61710,61968,33.843799,-118.31332,34.076363,-118.35867,48.39518656,36.85865817
251,61710,61970,33.843799,-118.31332,34.0621924,-118.17361,37.96614192,36.67812992
252,61710,61972,33.843799,-118.31332,37.271941,-121.95464,359.4982551,570.3812026
253,61710,61973,33.843799,-118.31332,36.25298,-120.23943,222.106144,340.6569839
254,61710,61974,33.843799,-118.31332,33.648692,-117.91861,46.82920385,50.01007472
255,61710,61975,33.843799,-118.31332,37.666686,-122.10635,373.8766012,602.7487246
256,61710,61976,33.843799,-118.31332,34.200017,-118.19116,51.91331033,50.13613835
257,61710,61977,33.843799,-118.31332,37.52217,-121.9685,374.650458,588.6471138
258,61710,61978,33.843799,-118.31332,33.661543,-117.66847,63.0037069,77.98025473
259,61710,61979,33.843799,-118.31332,33.819222,-118.18973,18.10232412,15.41039882
260,61710,61980,33.843799,-118.31332,34.101336,-118.31403,44.23050207,36.1027862
261,61710,61981,33.843799,-118.31332,33.963119,-118.42146,23.35826357,21.11717436
262,61710,61982,33.843799,-118.31332,37.888823,-122.51798,414.995759,655.6822487
263,61710,61983,33.843799,-118.31332,34.168683,-118.83599,74.82295717,79.87254611
264,61710,61984,33.843799,-118.31332,32.933578,-117.24002,112.5872755,159.5825046
265,61710,61985,33.843799,-118.31332,37.37326,-121.91884,360.5873953,571.4409595
266,61710,61986,33.843799,-118.31332,34.438155,-119.75101,136.6720938,175.3088057
267,61710,61987,33.843799,-118.31332,37.284189,-121.99933,361.1721297,573.6469612
268,61710,61988,33.843799,-118.31332,34.111868,-118.14985,44.84282803,42.60123687
269,61710,61989,33.843799,-118.31332,37.647933,-122.40601,398.8107633,634.7723014
270,61710,61990,33.843799,-118.31332,39.324902,-120.22354,483.1325491,800.0669637
271,61710,62002,33.843799,-118.31332,33.889394,-118.36096,11.40429423,9.039426603
272,61710,62011,33.843799,-118.31332,37.771711,-121.97156,363.7205058,588.9358962
273,61710,62013,33.843799,-118.31332,37.405137,-122.06709,370.4841472,588.624598
274,61710,62015,33.843799,-118.31332,37.761532,-122.20461,381.5728295,610.1081646
275,61710,62017,33.843799,-118.31332,33.519722,-117.66697,60.70648728,78.3948333
276,61710,62018,33.843799,-118.31332,34.025325,-118.46961,34.12707434,30.55900777
277,61710,62022,33.843799,-118.31332,34.166383,-118.60541,62.17284941,56.96299848
278,61710,64018,33.843799,-118.31332,38.569427,-121.52138,389.3815156,639.4450772
279,61710,88307,33.843799,-118.31332,37.780625,-122.39492,401.8756684,633.6139305
280,61710,88308,33.843799,-118.31332,37.740188,-122.42365,406.6300797,647.00511
281,61710,88310,33.843799,-118.31332,37.773345,-122.40848,401.0150562,633.4505561
282,61710,88315,33.843799,-118.31332,37.809238,-122.25566,382.0383077,617.5628445
283,61710,88318,33.843799,-118.31332,38.573852,-121.38246,397.2679886,650.3043112
284,61710,88320,33.843799,-118.31332,38.679592,-121.32059,403.9787058,663.1750417
285,61710,121860,33.843799,-118.31332,37.8342167,-122.28154,384.4332197,620.5310449
286,61710,122225,33.843799,-118.31332,33.406218,-111.99245,379.2909607,623.0749373
287,61710,153941,33.843799,-118.31332,34.001326,-117.83048,59.39751774,64.73974525
288,61710,153942,33.843799,-118.31332,33.70336,-117.92688,43.0671421,45.97420215
289,61950,61967,37.418914,-122.1331,33.855862,-117.83774,399.1888778,619.4480673
290,61950,61968,37.418914,-122.1331,34.076363,-118.35867,352.8179317,564.8032561
291,61950,61970,37.418914,-122.1331,34.0621924,-118.17361,357.7470546,576.3523758
292,61950,61972,37.418914,-122.1331,37.271941,-121.95464,29.57934934,27.01084473
293,61950,61973,37.418914,-122.1331,36.25298,-120.23943,164.8806605,253.1137706
294,61950,61974,37.418914,-122.1331,33.648692,-117.91861,408.9911762,633.4221941
295,61950,61975,37.418914,-122.1331,37.666686,-122.10635,40.52042038,37.17109946
296,61950,61976,37.418914,-122.1331,34.200017,-118.19116,340.6076702,564.6708428
297,61950,61977,37.418914,-122.1331,37.52217,-121.9685,33.88051257,32.43162834
298,61950,61978,37.418914,-122.1331,33.661543,-117.66847,419.3079554,648.6085986
299,61950,61979,37.418914,-122.1331,33.819222,-118.18973,383.5327217,604.2810878
300,61950,61980,37.418914,-122.1331,34.101336,-118.31403,342.7578737,561.3339403
301,61950,61981,37.418914,-122.1331,33.963119,-118.42146,366.3857462,577.2533481
302,61950,61982,37.418914,-122.1331,37.888823,-122.51798,66.30847103,77.09178767
303,61950,61983,37.418914,-122.1331,34.168683,-118.83599,357.007299,592.3926464
304,61950,61985,37.418914,-122.1331,37.37326,-121.91884,25.35201077,21.49961141
305,61950,61986,37.418914,-122.1331,34.438155,-119.75101,294.0428856,466.4128524
306,61950,61987,37.418914,-122.1331,37.284189,-121.99933,25.08126729,21.82919746
307,61950,61988,37.418914,-122.1331,34.111868,-118.14985,351.8580785,575.9604435
308,61950,61989,37.418914,-122.1331,37.647933,-122.40601,33.31119744,47.14110724
309,61950,61990,37.418914,-122.1331,39.324902,-120.22354,242.1677573,357.2723123
310,61950,62002,37.418914,-122.1331,33.889394,-118.36096,372.3319221,583.6910702
311,61950,62011,37.418914,-122.1331,37.771711,-121.97156,62.9165302,60.72747681
312,61950,62013,37.418914,-122.1331,37.405137,-122.06709,11.14040933,7.863774639
313,61950,62015,37.418914,-122.1331,37.761532,-122.20461,54.09620435,51.7385116
314,61950,62017,37.418914,-122.1331,33.519722,-117.66697,422.8684596,661.8069527
315,61950,62018,37.418914,-122.1331,34.025325,-118.46961,353.8207391,568.512455
316,61950,62022,37.418914,-122.1331,34.166383,-118.60541,345.7152334,562.8123675
317,61950,64018,37.418914,-122.1331,38.569427,-121.52138,149.7238866,197.9466717
318,61950,88307,37.418914,-122.1331,37.780625,-122.39492,47.57859532,63.49159517
319,61950,88308,37.418914,-122.1331,37.740188,-122.42365,41.13051389,59.37391581
320,61950,88310,37.418914,-122.1331,37.773345,-122.40848,47.68019084,63.55657954
321,61950,88315,37.418914,-122.1331,37.809238,-122.25566,61.74158901,60.00796252
322,61950,88318,37.418914,-122.1331,38.573852,-121.38246,159.6871848,212.2635282
323,61950,88320,37.418914,-122.1331,38.679592,-121.32059,163.0139139,220.3803903
324,61950,121860,37.418914,-122.1331,37.8342167,-122.28154,63.26016663,64.93325127
325,61950,153941,37.418914,-122.1331,34.001326,-117.83048,385.6904256,617.8596527
326,61950,153942,37.418914,-122.1331,33.70336,-117.92688,405.2291144,629.3863216
327,61967,61968,33.855862,-117.83774,34.076363,-118.35867,70.16028443,62.15462171
328,61967,61970,33.855862,-117.83774,34.0621924,-118.17361,43.23433064,45.72894767
329,61967,61972,33.855862,-117.83774,37.271941,-121.95464,372.8203279,599.9020439
330,61967,61973,33.855862,-117.83774,36.25298,-120.23943,235.4282168,370.1778252
331,61967,61974,33.855862,-117.83774,33.648692,-117.91861,21.60582149,27.51892328
332,61967,61975,33.855862,-117.83774,37.666686,-122.10635,387.1986741,632.2695659
333,61967,61976,33.855862,-117.83774,34.200017,-118.19116,61.59716538,76.14339378
334,61967,61977,33.855862,-117.83774,37.52217,-121.9685,387.9725308,618.1679551
335,61967,61978,33.855862,-117.83774,33.661543,-117.66847,28.09140668,35.31091683
336,61967,61979,33.855862,-117.83774,33.819222,-118.18973,32.54908307,43.32712079
337,61967,61980,33.855862,-117.83774,34.101336,-118.31403,60.32073503,57.74357499
338,61967,61981,33.855862,-117.83774,33.963119,-118.42146,54.12136056,63.07522574
339,61967,61982,33.855862,-117.83774,37.888823,-122.51798,428.3178318,685.20309
340,61967,61983,33.855862,-117.83774,34.168683,-118.83599,99.33467723,117.6892659
341,61967,61984,33.855862,-117.83774,32.933578,-117.24002,84.86832226,126.6126648
342,61967,61985,33.855862,-117.83774,37.37326,-121.91884,373.9094681,600.9618009
343,61967,61986,33.855862,-117.83774,34.438155,-119.75101,161.1838139,213.1255255
344,61967,61987,33.855862,-117.83774,37.284189,-121.99933,374.4942025,603.1678026
345,61967,61988,33.855862,-117.83774,34.111868,-118.14985,50.11101675,51.65205463
346,61967,61989,33.855862,-117.83774,37.647933,-122.40601,412.1328361,664.2931428
347,61967,61990,33.855862,-117.83774,39.324902,-120.22354,496.454622,829.5878051
348,61967,62002,33.855862,-117.83774,33.889394,-118.36096,44.36651994,53.48011209
349,61967,62011,33.855862,-117.83774,37.771711,-121.97156,377.0425786,618.4567376
350,61967,62013,33.855862,-117.83774,37.405137,-122.06709,383.80622,618.1454394
351,61967,62015,33.855862,-117.83774,37.761532,-122.20461,394.8949023,639.6290059
352,61967,62017,33.855862,-117.83774,33.519722,-117.66697,32.98753407,45.42499354
353,61967,62018,33.855862,-117.83774,34.025325,-118.46961,65.10520753,72.16785161
354,61967,62022,33.855862,-117.83774,34.166383,-118.60541,86.68456947,94.77971827
355,61967,64018,33.855862,-117.83774,38.569427,-121.52138,402.7035884,668.9659186
356,61967,88307,33.855862,-117.83774,37.780625,-122.39492,415.1977412,663.1347719
357,61967,88308,33.855862,-117.83774,37.740188,-122.42365,419.9521525,676.5259514
358,61967,88310,33.855862,-117.83774,37.773345,-122.40848,414.337129,662.9713974
359,61967,88315,33.855862,-117.83774,37.809238,-122.25566,395.3603805,647.0836859
360,61967,88318,33.855862,-117.83774,38.573852,-121.38246,410.5900614,679.8251526
361,61967,88320,33.855862,-117.83774,38.679592,-121.32059,417.3007786,692.695883
362,61967,121860,33.855862,-117.83774,37.8342167,-122.28154,397.7552925,650.0518862
363,61967,122225,33.855862,-117.83774,33.406218,-111.99245,337.440102,576.1705462
364,61967,153941,33.855862,-117.83774,34.001326,-117.83048,21.97064261,24.61042653
365,61967,153942,33.855862,-117.83774,33.70336,-117.92688,24.44510948,27.63865424
366,61968,61970,34.076363,-118.35867,34.0621924,-118.17361,33.35207651,20.8343515
367,61968,61972,34.076363,-118.35867,37.271941,-121.95464,327.024213,543.0515124
368,61968,61973,34.076363,-118.35867,36.25298,-120.23943,189.6321019,313.3272937
369,61968,61974,34.076363,-118.35867,33.648692,-117.91861,80.22353824,77.89659035
370,61968,61975,34.076363,-118.35867,37.666686,-122.10635,341.4025592,575.4190344
371,61968,61976,34.076363,-118.35867,34.200017,-118.19116,38.38313099,30.57559927
372,61968,61977,34.076363,-118.35867,37.52217,-121.9685,342.1764159,561.3174236
373,61968,61978,34.076363,-118.35867,33.661543,-117.66847,92.17923044,91.47813419
374,61968,61979,34.076363,-118.35867,33.819222,-118.18973,51.49665851,43.29691445
375,61968,61980,34.076363,-118.35867,34.101336,-118.31403,13.94987043,7.005828687
376,61968,61981,34.076363,-118.35867,33.963119,-118.42146,29.98037557,21.23128262
377,61968,61982,34.076363,-118.35867,37.888823,-122.51798,382.5217169,628.3525585
378,61968,61983,34.076363,-118.35867,34.168683,-118.83599,51.25161534,57.86679753
379,61968,61984,34.076363,-118.35867,32.933578,-117.24002,145.9816099,187.4690202
380,61968,61985,34.076363,-118.35867,37.37326,-121.91884,328.1133532,544.1112694
381,61968,61986,34.076363,-118.35867,34.438155,-119.75101,113.100752,153.3030571
382,61968,61987,34.076363,-118.35867,37.284189,-121.99933,328.6980876,546.317271
383,61968,61988,34.076363,-118.35867,34.111868,-118.14985,37.56643811,25.69975404
384,61968,61989,34.076363,-118.35867,37.647933,-122.40601,366.3367212,607.4426113
385,61968,61990,34.076363,-118.35867,39.324902,-120.22354,450.6585071,772.7372735
386,61968,62002,34.076363,-118.35867,33.889394,-118.36096,32.3711512,23.30166342
387,61968,62011,34.076363,-118.35867,37.771711,-121.97156,331.2464637,561.606206
388,61968,62013,34.076363,-118.35867,37.405137,-122.06709,338.0101051,561.2949078
389,61968,62015,34.076363,-118.35867,37.761532,-122.20461,349.0987874,582.7784744
390,61968,62017,34.076363,-118.35867,33.519722,-117.66697,94.10082167,106.2813489
391,61968,62018,34.076363,-118.35867,34.025325,-118.46961,20.70114494,15.15488135
392,61968,62022,34.076363,-118.35867,34.166383,-118.60541,38.60150759,34.9572499
393,61968,64018,34.076363,-118.35867,38.569427,-121.52138,356.9074735,612.1153871
394,61968,88307,34.076363,-118.35867,37.780625,-122.39492,369.4016263,606.2842403
395,61968,88308,34.076363,-118.35867,37.740188,-122.42365,374.1560377,619.6754198
396,61968,88310,34.076363,-118.35867,37.773345,-122.40848,368.5410141,606.1208659
397,61968,88315,34.076363,-118.35867,37.809238,-122.25566,349.5642656,590.2331544
398,61968,88318,34.076363,-118.35867,38.573852,-121.38246,364.7939465,622.974621
399,61968,88320,34.076363,-118.35867,38.679592,-121.32059,371.5046637,635.8453515
400,61968,121860,34.076363,-118.35867,37.8342167,-122.28154,351.9591776,593.2013547
401,61968,122225,34.076363,-118.35867,33.406218,-111.99245,388.9652683,624.1985087
402,61968,153941,34.076363,-118.35867,34.001326,-117.83048,64.67280182,56.28096962
403,61968,153942,34.076363,-118.35867,33.70336,-117.92688,76.46147649,73.86071778
404,61970,61972,34.0621924,-118.17361,37.271941,-121.95464,331.9843902,554.5631474
405,61970,61973,34.0621924,-118.17361,36.25298,-120.23943,194.5922791,324.8389287
406,61970,61974,34.0621924,-118.17361,33.648692,-117.91861,53.41480156,60.217081
407,61970,61975,34.0621924,-118.17361,37.666686,-122.10635,346.3627364,586.9306694
408,61970,61976,34.0621924,-118.17361,34.200017,-118.19116,22.66513737,19.45189314
409,61970,61977,34.0621924,-118.17361,37.52217,-121.9685,347.1365931,572.8290586
410,61970,61978,34.0621924,-118.17361,33.661543,-117.66847,63.73158077,75.40348549
411,61970,61979,34.0621924,-118.17361,33.819222,-118.18973,28.22240676,31.12793719
412,61970,61980,34.0621924,-118.17361,34.101336,-118.31403,20.87300879,16.50040685
413,61970,61981,34.0621924,-118.17361,33.963119,-118.42146,43.21342409,36.84985955
414,61970,61982,34.0621924,-118.17361,37.888823,-122.51798,387.4818941,639.8641935
415,61970,61983,34.0621924,-118.17361,34.168683,-118.83599,58.49873953,72.35036942
416,61970,61984,34.0621924,-118.17361,32.933578,-117.24002,119.1728732,169.7895109
417,61970,61985,34.0621924,-118.17361,37.37326,-121.91884,333.0735304,555.6229044
418,61970,61986,34.0621924,-118.17361,34.438155,-119.75101,120.3478762,167.786629
419,61970,61987,34.0621924,-118.17361,37.284189,-121.99933,333.6582648,557.8289061
420,61970,61988,34.0621924,-118.17361,34.111868,-118.14985,11.43452844,8.187341138
421,61970,61989,34.0621924,-118.17361,37.647933,-122.40601,371.2968984,618.9542463
422,61970,61990,34.0621924,-118.17361,39.324902,-120.22354,455.6186843,784.2489086
423,61970,62002,34.0621924,-118.17361,33.889394,-118.36096,37.96859387,41.47575049
424,61970,62011,34.0621924,-118.17361,37.771711,-121.97156,336.2066409,573.1178411
425,61970,62013,34.0621924,-118.17361,37.405137,-122.06709,342.9702823,572.8065429
426,61970,62015,34.0621924,-118.17361,37.761532,-122.20461,354.0589646,594.2901094
427,61970,62017,34.0621924,-118.17361,33.519722,-117.66697,67.292085,88.60183958
428,61970,62018,34.0621924,-118.17361,34.025325,-118.46961,35.2279578,31.97406771
429,61970,62022,34.0621924,-118.17361,34.166383,-118.60541,45.84863178,49.44082179
430,61970,64018,34.0621924,-118.17361,38.569427,-121.52138,361.8676507,623.6270221
431,61970,88307,34.0621924,-118.17361,37.780625,-122.39492,374.3618035,617.7958754
432,61970,88308,34.0621924,-118.17361,37.740188,-122.42365,379.1162148,631.1870549
433,61970,88310,34.0621924,-118.17361,37.773345,-122.40848,373.5011913,617.6325009
434,61970,88315,34.0621924,-118.17361,37.809238,-122.25566,354.5244428,601.7447894
435,61970,88318,34.0621924,-118.17361,38.573852,-121.38246,369.7541237,634.4862561
436,61970,88320,34.0621924,-118.17361,38.679592,-121.32059,376.4648409,647.3569866
437,61970,121860,34.0621924,-118.17361,37.8342167,-122.28154,356.9193548,604.7129898
438,61970,122225,34.0621924,-118.17361,33.406218,-111.99245,357.0864765,603.9999662
439,61970,153941,34.0621924,-118.17361,34.001326,-117.83048,35.59230146,37.93674436
440,61970,153942,34.0621924,-118.17361,33.70336,-117.92688,49.65273981,56.18120843
441,61972,61973,37.271941,-121.95464,36.25298,-120.23943,141.3327921,230.7458071
442,61972,61974,37.271941,-121.95464,33.648692,-117.91861,385.4433077,611.0542306
443,61972,61975,37.271941,-121.95464,37.666686,-122.10635,45.99779849,53.04035991
444,61972,61976,37.271941,-121.95464,34.200017,-118.19116,317.0598017,542.3028793
445,61972,61977,37.271941,-121.95464,37.52217,-121.9685,27.54853526,32.821189
446,61972,61978,37.271941,-121.95464,33.661543,-117.66847,395.7600869,626.2406351
447,61972,61979,37.271941,-121.95464,33.819222,-118.18973,359.9848533,581.9131243
448,61972,61980,37.271941,-121.95464,34.101336,-118.31403,319.2100053,538.9659768
449,61972,61981,37.271941,-121.95464,33.963119,-118.42146,342.8378778,554.8853847
450,61972,61982,37.271941,-121.95464,37.888823,-122.51798,78.01919897,98.24095548
451,61972,61983,37.271941,-121.95464,34.168683,-118.83599,333.4594306,570.0246829
452,61972,61985,37.271941,-121.95464,37.37326,-121.91884,14.66910881,15.8026389
453,61972,61986,37.271941,-121.95464,34.438155,-119.75101,270.4950172,444.0448889
454,61972,61987,37.271941,-121.95464,37.284189,-121.99933,7.3832918,7.164934834
455,61972,61988,37.271941,-121.95464,34.111868,-118.14985,328.3102101,553.59248
456,61972,61989,37.271941,-121.95464,37.647933,-122.40601,45.02192538,68.29027505
457,61972,61990,37.271941,-121.95464,39.324902,-120.22354,233.9639173,353.861461
458,61972,62002,37.271941,-121.95464,33.889394,-118.36096,348.7840536,561.3231068
459,61972,62011,37.271941,-121.95464,37.771711,-121.97156,56.99038922,66.32252131
460,61972,62013,37.271941,-121.95464,37.405137,-122.06709,16.69530929,22.14257162
461,61972,62015,37.271941,-121.95464,37.761532,-122.20461,59.57358246,67.60777205
462,61972,62017,37.271941,-121.95464,33.519722,-117.66697,399.3205912,639.4389892
463,61972,62018,37.271941,-121.95464,34.025325,-118.46961,330.2728706,546.1444916
464,61972,62022,37.271941,-121.95464,34.166383,-118.60541,322.167365,540.444404
465,61972,64018,37.271941,-121.95464,38.569427,-121.52138,141.5200467,194.5358205
466,61972,88307,37.271941,-121.95464,37.780625,-122.39492,59.28932325,84.64076298
467,61972,88308,37.271941,-121.95464,37.740188,-122.42365,52.84124182,80.52308363
468,61972,88310,37.271941,-121.95464,37.773345,-122.40848,59.39091878,84.70574735
469,61972,88315,37.271941,-121.95464,37.809238,-122.25566,67.21896712,75.87722297
470,61972,88318,37.271941,-121.95464,38.573852,-121.38246,151.4833448,208.8526769
471,61972,88320,37.271941,-121.95464,38.679592,-121.32059,154.8100739,216.969539
472,61972,121860,37.271941,-121.95464,37.8342167,-122.28154,68.73754473,80.80251172
473,61972,153941,37.271941,-121.95464,34.001326,-117.83048,362.1425571,595.4916892
474,61972,153942,37.271941,-121.95464,33.70336,-117.92688,381.681246,607.0183581
475,61973,61974,36.25298,-120.23943,33.648692,-117.91861,246.9722176,382.458385
476,61973,61975,36.25298,-120.23943,37.666686,-122.10635,153.5845416,263.3590152
477,61973,61976,36.25298,-120.23943,34.200017,-118.19116,178.5887116,313.7070336
478,61973,61977,36.25298,-120.23943,37.52217,-121.9685,154.3583983,249.2574044
479,61973,61978,36.25298,-120.23943,33.661543,-117.66847,257.2889968,397.6447895
480,61973,61979,36.25298,-120.23943,33.819222,-118.18973,221.5137632,353.3172786
481,61973,61980,36.25298,-120.23943,34.101336,-118.31403,180.7389152,310.3701312
482,61973,61981,36.25298,-120.23943,33.963119,-118.42146,204.3667877,326.289539
483,61973,61982,36.25298,-120.23943,37.888823,-122.51798,194.7036994,316.2925393
484,61973,61983,36.25298,-120.23943,34.168683,-118.83599,194.9883404,341.4288373
485,61973,61984,36.25298,-120.23943,32.933578,-117.24002,312.7302892,492.0308149
486,61973,61985,36.25298,-120.23943,37.37326,-121.91884,140.2953357,232.0512501
487,61973,61986,36.25298,-120.23943,34.438155,-119.75101,200.2142216,312.5687255
488,61973,61987,36.25298,-120.23943,37.284189,-121.99933,140.8800701,234.2572518
489,61973,61988,36.25298,-120.23943,34.111868,-118.14985,189.8391199,324.9966343
490,61973,61989,36.25298,-120.23943,37.647933,-122.40601,178.5187037,295.382592
491,61973,61990,36.25298,-120.23943,39.324902,-120.22354,262.8404895,460.6772543
492,61973,62002,36.25298,-120.23943,33.889394,-118.36096,210.3129635,332.7272611
493,61973,62011,36.25298,-120.23943,37.771711,-121.97156,143.4284462,249.5461868
494,61973,62013,36.25298,-120.23943,37.405137,-122.06709,150.1920876,249.2348886
495,61973,62015,36.25298,-120.23943,37.761532,-122.20461,161.2807699,270.7184552
496,61973,62017,36.25298,-120.23943,33.519722,-117.66697,260.849501,410.8431436
497,61973,62018,36.25298,-120.23943,34.025325,-118.46961,191.8017805,317.5486459
498,61973,62022,36.25298,-120.23943,34.166383,-118.60541,183.6962748,311.8485584
499,61973,64018,36.25298,-120.23943,38.569427,-121.52138,169.089456,300.0553678
500,61973,88307,36.25298,-120.23943,37.780625,-122.39492,181.5836088,294.2242211
501,61973,88308,36.25298,-120.23943,37.740188,-122.42365,186.3380201,307.6154006
502,61973,88310,36.25298,-120.23943,37.773345,-122.40848,180.7229966,294.0608466
503,61973,88315,36.25298,-120.23943,37.809238,-122.25566,161.7462481,278.1731351
504,61973,88318,36.25298,-120.23943,38.573852,-121.38246,176.975929,310.9146018
505,61973,88320,36.25298,-120.23943,38.679592,-121.32059,183.6866462,323.7853323
506,61973,121860,36.25298,-120.23943,37.8342167,-122.28154,164.14116,281.1413355
507,61973,153941,36.25298,-120.23943,34.001326,-117.83048,223.671467,366.8958436
508,61973,153942,36.25298,-120.23943,33.70336,-117.92688,243.2101558,378.4225124
509,61974,61975,33.648692,-117.91861,37.666686,-122.10635,400.3281165,646.6793624
510,61974,61976,33.648692,-117.91861,34.200017,-118.19116,77.50112482,94.57120651
511,61974,61977,33.648692,-117.91861,37.52217,-121.9685,401.1019733,632.5777516
512,61974,61978,33.648692,-117.91861,33.661543,-117.66847,26.43011374,34.45909847
513,61974,61979,33.648692,-117.91861,33.819222,-118.18973,32.87381075,35.37060799
514,61974,61980,33.648692,-117.91861,34.101336,-118.31403,73.45017753,72.15337146
515,61974,61981,33.648692,-117.91861,33.963119,-118.42146,60.7275832,66.67372887
516,61974,61982,33.648692,-117.91861,37.888823,-122.51798,441.4472743,699.6128865
517,61974,61983,33.648692,-117.91861,34.168683,-118.83599,112.1922768,125.4291006
518,61974,61984,33.648692,-117.91861,32.933578,-117.24002,74.77490558,114.4254591
519,61974,61985,33.648692,-117.91861,37.37326,-121.91884,387.0389106,615.3715974
520,61974,61986,33.648692,-117.91861,34.438155,-119.75101,174.0414135,220.8653602
521,61974,61987,33.648692,-117.91861,37.284189,-121.99933,387.623645,617.5775991
522,61974,61988,33.648692,-117.91861,34.111868,-118.14985,63.24045925,66.0618511
523,61974,61989,33.648692,-117.91861,37.647933,-122.40601,425.2622786,678.7029393
524,61974,62002,33.648692,-117.91861,33.889394,-118.36096,48.77361387,54.59598111
525,61974,62011,33.648692,-117.91861,37.771711,-121.97156,390.1720211,632.866534
526,61974,62013,33.648692,-117.91861,37.405137,-122.06709,396.9356625,632.5552358
527,61974,62015,33.648692,-117.91861,37.761532,-122.20461,408.0243448,654.0388024
528,61974,62017,33.648692,-117.91861,33.519722,-117.66697,22.89411739,33.23778781
529,61974,62018,33.648692,-117.91861,34.025325,-118.46961,71.49639398,76.11556228
530,61974,62022,33.648692,-117.91861,34.166383,-118.60541,99.54216904,102.519553
531,61974,64018,33.648692,-117.91861,38.569427,-121.52138,415.8330309,683.3757151
532,61974,88307,33.648692,-117.91861,37.780625,-122.39492,428.3271837,677.5445684
533,61974,88308,33.648692,-117.91861,37.740188,-122.42365,433.081595,690.9357478
534,61974,88310,33.648692,-117.91861,37.773345,-122.40848,427.4665715,677.3811939
535,61974,88315,33.648692,-117.91861,37.809238,-122.25566,408.489823,661.4934824
536,61974,88318,33.648692,-117.91861,38.573852,-121.38246,423.7195039,694.2349491
537,61974,88320,33.648692,-117.91861,38.679592,-121.32059,430.4302211,707.1056795
538,61974,121860,33.648692,-117.91861,37.8342167,-122.28154,410.884735,664.4616827
539,61974,122225,33.648692,-117.91861,33.406218,-111.99245,355.8200644,607.4634471
540,61974,153941,33.648692,-117.91861,34.001326,-117.83048,43.67701639,48.09423896
541,61974,153942,33.648692,-117.91861,33.70336,-117.92688,11.05470705,6.816318519
542,61975,61976,37.666686,-122.10635,34.200017,-118.19116,331.5642189,574.6581593
543,61975,61977,37.666686,-122.10635,37.52217,-121.9685,21.08824806,22.19558975
544,61975,61978,37.666686,-122.10635,33.661543,-117.66847,410.2645041,658.5959152
545,61975,61979,37.666686,-122.10635,33.819222,-118.18973,374.4892705,614.2684043
546,61975,61980,37.666686,-122.10635,34.101336,-118.31403,333.7144225,571.3212569
547,61975,61981,37.666686,-122.10635,33.963119,-118.42146,357.342295,587.2406647
548,61975,61982,37.666686,-122.10635,37.888823,-122.51798,52.50176972,61.94877152
549,61975,61983,37.666686,-122.10635,34.168683,-118.83599,347.9638477,602.379963
550,61975,61985,37.666686,-122.10635,37.37326,-121.91884,32.69964072,39.25625765
551,61975,61986,37.666686,-122.10635,34.438155,-119.75101,300.3886184,483.4322862
552,61975,61987,37.666686,-122.10635,37.284189,-121.99933,45.9337085,53.89024777
553,61975,61988,37.666686,-122.10635,34.111868,-118.14985,342.8146272,585.94776
554,61975,61989,37.666686,-122.10635,37.647933,-122.40601,30.64499948,39.447503
555,61975,61990,37.666686,-122.10635,39.324902,-120.22354,203.0336733,320.4215901
556,61975,62002,37.666686,-122.10635,33.889394,-118.36096,363.2884708,593.6783868
557,61975,62011,37.666686,-122.10635,37.771711,-121.97156,23.78244628,23.87675465
558,61975,62013,37.666686,-122.10635,37.405137,-122.06709,35.5456192,39.7036292
559,61975,62015,37.666686,-122.10635,37.761532,-122.20461,14.96212043,14.88778945
560,61975,62017,37.666686,-122.10635,33.519722,-117.66697,413.8250083,671.7942693
561,61975,62018,37.666686,-122.10635,34.025325,-118.46961,344.7772878,578.4997716
562,61975,62022,37.666686,-122.10635,34.166383,-118.60541,336.6717821,572.7996841
563,61975,64018,37.666686,-122.10635,38.569427,-121.52138,110.5898027,161.0959495
564,61975,88307,37.666686,-122.10635,37.780625,-122.39492,37.88193726,38.61444893
565,61975,88308,37.666686,-122.10635,37.740188,-122.42365,41.05894815,52.69360987
566,61975,88310,37.666686,-122.10635,37.773345,-122.40848,37.02132507,38.45107446
567,61975,88315,37.666686,-122.10635,37.809238,-122.25566,22.60750509,23.15724036
568,61975,88318,37.666686,-122.10635,38.573852,-121.38246,120.5531009,175.412806
569,61975,88320,37.666686,-122.10635,38.679592,-121.32059,123.87983,183.5296681
570,61975,121860,37.666686,-122.10635,37.8342167,-122.28154,24.12608271,28.08252911
571,61975,153941,37.666686,-122.10635,34.001326,-117.83048,376.6469743,627.8469693
572,61975,153942,37.666686,-122.10635,33.70336,-117.92688,396.1856632,639.3736381
573,61976,61977,34.200017,-118.19116,37.52217,-121.9685,329.8555147,561.1038501
574,61976,61978,34.200017,-118.19116,33.661543,-117.66847,84.29708951,110.9086489
575,61976,61979,34.200017,-118.19116,33.819222,-118.18973,48.79295529,55.1563941
576,61976,61980,34.200017,-118.19116,34.101336,-118.31403,22.55036386,23.89541752
577,61976,61981,34.200017,-118.19116,33.963119,-118.42146,52.39458175,49.06828555
578,61976,61982,34.200017,-118.19116,37.888823,-122.51798,370.2008157,628.138985
579,61976,61983,34.200017,-118.19116,34.168683,-118.83599,50.18595661,69.92855031
580,61976,61984,34.200017,-118.19116,32.933578,-117.24002,140.0094813,193.8699304
581,61976,61985,34.200017,-118.19116,37.37326,-121.91884,315.7924521,543.8976959
582,61976,61986,34.200017,-118.19116,34.438155,-119.75101,110.8539546,175.9389699
583,61976,61987,34.200017,-118.19116,37.284189,-121.99933,316.3771865,546.1036976
584,61976,61988,34.200017,-118.19116,34.111868,-118.14985,13.08148098,11.80663105
585,61976,61989,34.200017,-118.19116,37.647933,-122.40601,354.0158201,607.2290378
586,61976,61990,34.200017,-118.19116,39.324902,-120.22354,438.3376059,772.5237001
587,61976,62002,34.200017,-118.19116,33.889394,-118.36096,50.1798849,51.0976351
588,61976,62011,34.200017,-118.19116,37.771711,-121.97156,318.9255625,561.3926326
589,61976,62013,34.200017,-118.19116,37.405137,-122.06709,325.689204,561.0813344
590,61976,62015,34.200017,-118.19116,37.761532,-122.20461,336.7778863,582.5649009
591,61976,62017,34.200017,-118.19116,33.519722,-117.66697,88.12869315,112.6822591
592,61976,62018,34.200017,-118.19116,34.025325,-118.46961,44.40911546,44.19249371
593,61976,62022,34.200017,-118.19116,34.166383,-118.60541,37.53584886,47.01900269
594,61976,64018,34.200017,-118.19116,38.569427,-121.52138,344.5865724,611.9018136
595,61976,88307,34.200017,-118.19116,37.780625,-122.39492,357.0807252,606.0706669
596,61976,88308,34.200017,-118.19116,37.740188,-122.42365,361.8351365,619.4618464
597,61976,88310,34.200017,-118.19116,37.773345,-122.40848,356.220113,605.9072924
598,61976,88315,34.200017,-118.19116,37.809238,-122.25566,337.2433645,590.0195809
599,61976,88318,34.200017,-118.19116,38.573852,-121.38246,352.4730454,622.7610476
600,61976,88320,34.200017,-118.19116,38.679592,-121.32059,359.1837626,635.631778
601,61976,121860,34.200017,-118.19116,37.8342167,-122.28154,339.6382764,592.9877812
602,61976,122225,34.200017,-118.19116,33.406218,-111.99245,362.7159125,616.2585462
603,61976,153941,34.200017,-118.19116,34.001326,-117.83048,46.91382806,53.70584028
604,61976,153942,34.200017,-118.19116,33.70336,-117.92688,70.48934796,80.2616279
605,61977,61978,37.52217,-121.9685,33.661543,-117.66847,411.1066531,646.4632794
606,61977,61979,37.52217,-121.9685,33.819222,-118.18973,375.3314194,602.1357685
607,61977,61980,37.52217,-121.9685,34.101336,-118.31403,334.5565714,559.188621
608,61977,61981,37.52217,-121.9685,33.963119,-118.42146,358.1844439,575.1080289
609,61977,61982,37.52217,-121.9685,37.888823,-122.51798,74.79240643,84.03502935
610,61977,61983,37.52217,-121.9685,34.168683,-118.83599,348.8059967,590.2473271
611,61977,61985,37.52217,-121.9685,37.37326,-121.91884,18.15260568,20.09150453
612,61977,61986,37.52217,-121.9685,34.438155,-119.75101,285.8415833,464.2675331
613,61977,61987,37.52217,-121.9685,37.284189,-121.99933,31.38667346,34.72549464
614,61977,61988,37.52217,-121.9685,34.111868,-118.14985,343.6567762,573.8151242
615,61977,61989,37.52217,-121.9685,37.647933,-122.40601,48.17929723,54.93747917
616,61977,61990,37.52217,-121.9685,39.324902,-120.22354,208.3358221,323.7671633
617,61977,62002,37.52217,-121.9685,33.889394,-118.36096,364.1306198,581.545751
618,61977,62011,37.52217,-121.9685,37.771711,-121.97156,31.36229406,36.22822356
619,61977,62013,37.52217,-121.9685,37.405137,-122.06709,23.50670104,27.82746268
620,61977,62015,37.52217,-121.9685,37.761532,-122.20461,37.25275715,36.97404727
621,61977,62017,37.52217,-121.9685,33.519722,-117.66697,414.6671573,659.6616335
622,61977,62018,37.52217,-121.9685,34.025325,-118.46961,345.6194368,566.3671358
623,61977,62022,37.52217,-121.9685,34.166383,-118.60541,337.5139311,560.6670482
624,61977,64018,37.52217,-121.9685,38.569427,-121.52138,115.8919515,164.4415227
625,61977,88307,37.52217,-121.9685,37.780625,-122.39492,60.17257397,60.70070676
626,61977,88308,37.52217,-121.9685,37.740188,-122.42365,58.59324591,68.18358605
627,61977,88310,37.52217,-121.9685,37.773345,-122.40848,59.31196179,60.53733229
628,61977,88315,37.52217,-121.9685,37.809238,-122.25566,44.89814181,45.24349819
629,61977,88318,37.52217,-121.9685,38.573852,-121.38246,125.8552496,178.7583792
630,61977,88320,37.52217,-121.9685,38.679592,-121.32059,129.1819788,186.8752413
631,61977,121860,37.52217,-121.9685,37.8342167,-122.28154,46.41671943,50.16878694
632,61977,153941,37.52217,-121.9685,34.001326,-117.83048,377.4891233,615.7143334
633,61977,153942,37.52217,-121.9685,33.70336,-117.92688,397.0278121,627.2410023
634,61978,61979,33.661543,-117.66847,33.819222,-118.18973,48.30546738,62.07113775
635,61978,61980,33.661543,-117.66847,34.101336,-118.31403,84.08077348,87.00013739
636,61978,61981,33.661543,-117.66847,33.963119,-118.42146,76.15923983,93.37425863
637,61978,61982,33.661543,-117.66847,37.888823,-122.51798,451.1164954,739.002045
638,61978,61983,33.661543,-117.66847,34.168683,-118.83599,123.0947157,146.9458283
639,61978,61984,33.661543,-117.66847,32.933578,-117.24002,71.27928086,102.0700365
640,61978,61985,33.661543,-117.66847,37.37326,-121.91884,396.7081317,654.7607559
641,61978,61986,33.661543,-117.66847,34.438155,-119.75101,184.9438523,242.3820879
642,61978,61987,33.661543,-117.66847,37.284189,-121.99933,397.2928661,656.9667576
643,61978,61988,33.661543,-117.66847,34.111868,-118.14985,73.8710552,80.90861703
644,61978,61989,33.661543,-117.66847,37.647933,-122.40601,434.9314997,718.0920978
645,61978,62002,33.661543,-117.66847,33.889394,-118.36096,64.20527049,81.29651088
646,61978,62011,33.661543,-117.66847,37.771711,-121.97156,399.8412422,672.2556926
647,61978,62013,33.661543,-117.66847,37.405137,-122.06709,406.6048836,671.9443944
648,61978,62015,33.661543,-117.66847,37.761532,-122.20461,417.6935659,693.4279609
649,61978,62017,33.661543,-117.66847,33.519722,-117.66697,19.39849267,20.88236521
650,61978,62018,33.661543,-117.66847,34.025325,-118.46961,86.9280506,102.816092
651,61978,62022,33.661543,-117.66847,34.166383,-118.60541,110.4446079,124.0362807
652,61978,88307,33.661543,-117.66847,37.780625,-122.39492,437.9964048,716.9337269
653,61978,88308,33.661543,-117.66847,37.740188,-122.42365,442.7508161,730.3249064
654,61978,88310,33.661543,-117.66847,37.773345,-122.40848,437.1357926,716.7703524
655,61978,88315,33.661543,-117.66847,37.809238,-122.25566,418.1590441,700.8826409
656,61978,88318,33.661543,-117.66847,38.573852,-121.38246,433.388725,733.6241076
657,61978,121860,33.661543,-117.66847,37.8342167,-122.28154,420.5539561,703.8508412
658,61978,122225,33.661543,-117.66847,33.406218,-111.99245,342.4507596,590.4233486
659,61978,153941,33.661543,-117.66847,34.001326,-117.83048,48.56815293,64.27627616
660,61978,153942,33.661543,-117.66847,33.70336,-117.92688,27.58060672,34.19109317
661,61979,61980,33.819222,-118.18973,34.101336,-118.31403,44.58002881,41.84981045
662,61979,61981,33.819222,-118.18973,33.963119,-118.42146,28.90578628,31.43185025
663,61979,61982,33.819222,-118.18973,37.888823,-122.51798,412.1965141,669.3160338
664,61979,61983,33.819222,-118.18973,34.168683,-118.83599,80.37047987,90.187222
665,61979,61984,33.819222,-118.18973,32.933578,-117.24002,96.79642827,145.2026902
666,61979,61985,33.819222,-118.18973,37.37326,-121.91884,357.7881505,585.0747447
667,61979,61986,33.819222,-118.18973,34.438155,-119.75101,142.2196165,185.6234816
668,61979,61987,33.819222,-118.18973,37.284189,-121.99933,358.3728849,587.2807464
669,61979,61988,33.819222,-118.18973,34.111868,-118.14985,33.98969908,35.76499842
670,61979,61989,33.819222,-118.18973,37.647933,-122.40601,396.0115184,648.4060866
671,61979,61990,33.819222,-118.18973,39.324902,-120.22354,480.3333043,813.7007488
672,61979,62002,33.819222,-118.18973,33.889394,-118.36096,16.95181694,19.3541025
673,61979,62011,33.819222,-118.18973,37.771711,-121.97156,360.9212609,602.5696814
674,61979,62013,33.819222,-118.18973,37.405137,-122.06709,367.6849023,602.2583832
675,61979,62015,33.819222,-118.18973,37.761532,-122.20461,378.7735846,623.7419497
676,61979,62017,33.819222,-118.18973,33.519722,-117.66697,44.91564008,64.01501892
677,61979,62018,33.819222,-118.18973,34.025325,-118.46961,39.67459705,40.87368367
678,61979,62022,33.819222,-118.18973,34.166383,-118.60541,67.72037212,67.27767437
679,61979,64018,33.819222,-118.18973,38.569427,-121.52138,386.5822708,653.0788624
680,61979,88307,33.819222,-118.18973,37.780625,-122.39492,399.0764236,647.2477157
681,61979,88308,33.819222,-118.18973,37.740188,-122.42365,403.8308349,660.6388952
682,61979,88310,33.819222,-118.18973,37.773345,-122.40848,398.2158114,647.0843412
683,61979,88315,33.819222,-118.18973,37.809238,-122.25566,379.2390628,631.1966297
684,61979,88318,33.819222,-118.18973,38.573852,-121.38246,394.4687438,663.9380964
685,61979,88320,33.819222,-118.18973,38.679592,-121.32059,401.1794609,676.8088268
686,61979,121860,33.819222,-118.18973,37.8342167,-122.28154,381.6339748,634.16483
687,61979,122225,33.819222,-118.18973,33.406218,-111.99245,367.2641789,618.0221125
688,61979,153941,33.819222,-118.18973,34.001326,-117.83048,49.24653839,61.41735566
689,61979,153942,33.819222,-118.18973,33.70336,-117.92688,27.27629489,31.59438777
690,61980,61981,34.101336,-118.31403,33.963119,-118.42146,48.03083189,35.15732787
691,61980,61982,34.101336,-118.31403,37.888823,-122.51798,374.0829193,624.8351355
692,61980,61983,34.101336,-118.31403,34.168683,-118.83599,42.81281775,54.34937452
693,61980,61984,34.101336,-118.31403,32.933578,-117.24002,138.4551677,181.3836697
694,61980,61985,34.101336,-118.31403,37.37326,-121.91884,319.6745556,540.5938464
695,61980,61986,34.101336,-118.31403,34.438155,-119.75101,104.6619544,149.7856341
696,61980,61987,34.101336,-118.31403,37.284189,-121.99933,320.25929,542.799848
697,61980,61988,34.101336,-118.31403,34.111868,-118.14985,27.85322125,20.9607644
698,61980,61989,34.101336,-118.31403,37.647933,-122.40601,357.8979236,603.9251883
699,61980,61990,34.101336,-118.31403,39.324902,-120.22354,442.2197095,769.2198505
700,61980,62002,34.101336,-118.31403,33.889394,-118.36096,45.81613504,37.18667742
701,61980,62011,34.101336,-118.31403,37.771711,-121.97156,322.8076661,558.088783
702,61980,62013,34.101336,-118.31403,37.405137,-122.06709,329.5713075,557.7774848
703,61980,62015,34.101336,-118.31403,37.761532,-122.20461,340.6599898,579.2610514
704,61980,62017,34.101336,-118.31403,33.519722,-117.66697,86.57437948,100.1959984
705,61980,62018,34.101336,-118.31403,34.025325,-118.46961,33.68468476,23.08434323
706,61980,62022,34.101336,-118.31403,34.166383,-118.60541,30.16270999,31.4398269
707,61980,64018,34.101336,-118.31403,38.569427,-121.52138,348.4686759,608.5979641
708,61980,88307,34.101336,-118.31403,37.780625,-122.39492,360.9628287,602.7668173
709,61980,88308,34.101336,-118.31403,37.740188,-122.42365,365.7172401,616.1579968
710,61980,88310,34.101336,-118.31403,37.773345,-122.40848,360.1022166,602.6034429
711,61980,88315,34.101336,-118.31403,37.809238,-122.25566,341.125468,586.7157314
712,61980,88318,34.101336,-118.31403,38.573852,-121.38246,356.3551489,619.457198
713,61980,88320,34.101336,-118.31403,38.679592,-121.32059,363.0658661,632.3279285
714,61980,121860,34.101336,-118.31403,37.8342167,-122.28154,343.52038,589.6839317
715,61980,122225,34.101336,-118.31403,33.406218,-111.99245,377.6872358,630.8345109
716,61980,153941,34.101336,-118.31403,34.001326,-117.83048,55.68930737,51.8325597
717,61980,153942,34.101336,-118.31403,33.70336,-117.92688,68.93503429,67.77536729
718,61981,61982,33.963119,-118.42146,37.888823,-122.51798,396.891444,638.0746024
719,61981,61983,33.963119,-118.42146,34.168683,-118.83599,56.71864216,62.26489982
720,61981,61984,33.963119,-118.42146,32.933578,-117.24002,129.4523961,175.9167515
721,61981,61985,33.963119,-118.42146,37.37326,-121.91884,342.4830803,553.8333132
722,61981,61986,33.963119,-118.42146,34.438155,-119.75101,118.5677788,157.7011594
723,61981,61987,33.963119,-118.42146,37.284189,-121.99933,343.0678147,556.0393149
724,61981,61988,33.963119,-118.42146,34.111868,-118.14985,50.23132361,39.37452593
725,61981,61989,33.963119,-118.42146,37.647933,-122.40601,380.7064483,617.1646551
726,61981,61990,33.963119,-118.42146,39.324902,-120.22354,465.0282341,782.4593174
727,61981,62002,33.963119,-118.42146,33.889394,-118.36096,15.04749355,12.46807249
728,61981,62011,33.963119,-118.42146,37.771711,-121.97156,345.6161908,571.3282499
729,61981,62013,33.963119,-118.42146,37.405137,-122.06709,352.3798322,571.0169517
730,61981,62015,33.963119,-118.42146,37.761532,-122.20461,363.4685145,592.5005183
731,61981,62017,33.963119,-118.42146,33.519722,-117.66697,77.57160793,94.72908025
732,61981,62018,33.963119,-118.42146,34.025325,-118.46961,16.02275933,12.95136148
733,61981,62022,33.963119,-118.42146,34.166383,-118.60541,44.0685344,39.35535219
734,61981,64018,33.963119,-118.42146,38.569427,-121.52138,371.2772006,621.837431
735,61981,88307,33.963119,-118.42146,37.780625,-122.39492,383.7713534,616.0062842
736,61981,88308,33.963119,-118.42146,37.740188,-122.42365,388.5257647,629.3974637
737,61981,88310,33.963119,-118.42146,37.773345,-122.40848,382.9107412,615.8429098
738,61981,88315,33.963119,-118.42146,37.809238,-122.25566,363.9339927,599.9551982
739,61981,88318,33.963119,-118.42146,38.573852,-121.38246,379.1636736,632.6966649
740,61981,88320,33.963119,-118.42146,38.679592,-121.32059,385.8743908,645.5673954
741,61981,121860,33.963119,-118.42146,37.8342167,-122.28154,366.3289046,602.9233986
742,61981,122225,33.963119,-118.42146,33.406218,-111.99245,393.5492537,637.3442391
743,61981,153941,33.963119,-118.42146,34.001326,-117.83048,68.65187222,69.03026753
744,61981,153942,33.963119,-118.42146,33.70336,-117.92688,59.93226274,62.3084491
745,61982,61983,37.888823,-122.51798,34.168683,-118.83599,392.3911946,656.0054321
746,61982,61985,37.888823,-122.51798,37.37326,-121.91884,80.63467627,90.15071399
747,61982,61986,37.888823,-122.51798,34.438155,-119.75101,343.5689049,537.7036574
748,61982,61987,37.888823,-122.51798,37.284189,-121.99933,74.20598379,92.286038
749,61982,61988,37.888823,-122.51798,34.111868,-118.14985,387.2419741,639.5732292
750,61982,61989,37.888823,-122.51798,37.647933,-122.40601,38.39762753,37.12622849
751,61982,61990,37.888823,-122.51798,39.324902,-120.22354,193.3843525,300.6124174
752,61982,62002,37.888823,-122.51798,33.889394,-118.36096,407.7158176,647.303856
753,61982,62011,37.888823,-122.51798,37.771711,-121.97156,66.26409041,76.32994806
754,61982,62013,37.888823,-122.51798,37.405137,-122.06709,66.58081594,76.7984684
755,61982,62015,37.888823,-122.51798,37.761532,-122.20461,48.46243211,49.13664374
756,61982,62018,37.888823,-122.51798,34.025325,-118.46961,389.2046346,632.1252408
757,61982,62022,37.888823,-122.51798,34.166383,-118.60541,381.099129,626.4251532
758,61982,64018,37.888823,-122.51798,38.569427,-121.52138,100.9404819,141.2867768
759,61982,88307,37.888823,-122.51798,37.780625,-122.39492,32.39823423,21.48536608
760,61982,88308,37.888823,-122.51798,37.740188,-122.42365,33.06377449,25.06519397
761,61982,88310,37.888823,-122.51798,37.773345,-122.40848,28.97991284,19.78149221
762,61982,88315,37.888823,-122.51798,37.809238,-122.25566,38.8859855,40.7207824
763,61982,88318,37.888823,-122.51798,38.573852,-121.38246,110.9037801,155.6036333
764,61982,88320,37.888823,-122.51798,38.679592,-121.32059,114.2305092,163.7204954
765,61982,121860,37.888823,-122.51798,37.8342167,-122.28154,35.00070901,35.93656016
766,61982,153941,37.888823,-122.51798,34.001326,-117.83048,421.0743211,681.4724384
767,61982,153942,37.888823,-122.51798,33.70336,-117.92688,440.61301,692.9991073
768,61983,61984,34.168683,-118.83599,32.933578,-117.24002,183.9250654,234.9207379
769,61983,61985,34.168683,-118.83599,37.37326,-121.91884,335.7189174,560.5877458
770,61983,61986,34.168683,-118.83599,34.438155,-119.75101,64.27902387,96.43208596
771,61983,61987,34.168683,-118.83599,37.284189,-121.99933,336.3036518,562.7937475
772,61983,61988,34.168683,-118.83599,34.111868,-118.14985,64.84067884,71.81822916
773,61983,61989,34.168683,-118.83599,37.647933,-122.40601,373.9422854,623.9190877
774,61983,61990,34.168683,-118.83599,39.324902,-120.22354,458.4196836,795.1919724
775,61983,62002,34.168683,-118.83599,33.889394,-118.36096,69.52016279,71.47205884
776,61983,62011,34.168683,-118.83599,37.771711,-121.97156,339.0076402,584.0609049
777,61983,62013,34.168683,-118.83599,37.405137,-122.06709,345.6156693,577.7713843
778,61983,62015,34.168683,-118.83599,37.761532,-122.20461,356.859964,605.2331732
779,61983,62017,34.168683,-118.83599,33.519722,-117.66697,132.0442772,153.7330666
780,61983,62018,34.168683,-118.83599,34.025325,-118.46961,49.40926493,53.8721054
781,61983,62022,34.168683,-118.83599,34.166383,-118.60541,18.86081604,24.26360186
782,61983,64018,34.168683,-118.83599,38.569427,-121.52138,364.6686501,634.5700859
783,61983,88307,34.168683,-118.83599,37.780625,-122.39492,377.1628029,628.7389392
784,61983,88308,34.168683,-118.83599,37.740188,-122.42365,381.7616019,636.1518963
785,61983,88310,34.168683,-118.83599,37.773345,-122.40848,376.3021907,628.5755647
786,61983,88315,34.168683,-118.83599,37.809238,-122.25566,357.3254422,612.6878532
787,61983,88318,34.168683,-118.83599,38.573852,-121.38246,372.5551231,645.4293199
788,61983,88320,34.168683,-118.83599,38.679592,-121.32059,379.2658402,658.3000504
789,61983,121860,34.168683,-118.83599,37.8342167,-122.28154,359.7203541,615.6560536
790,61983,122225,34.168683,-118.83599,33.406218,-111.99245,414.304719,676.8678402
791,61983,153941,34.168683,-118.83599,34.001326,-117.83048,98.5026345,114.3151344
792,61983,153942,34.168683,-118.83599,33.70336,-117.92688,114.404932,121.3124355
793,61984,61986,32.933578,-117.24002,34.438155,-119.75101,240.1236598,330.0068793
794,61984,61988,32.933578,-117.24002,34.111868,-118.14985,129.3227056,175.2033702
795,61984,62002,32.933578,-117.24002,33.889394,-118.36096,114.8558602,163.7375002
796,61984,62017,32.933578,-117.24002,33.519722,-117.66697,55.2311399,81.66666743
797,61984,62018,32.933578,-117.24002,34.025325,-118.46961,137.5786403,185.2570814
798,61984,62022,32.933578,-117.24002,34.166383,-118.60541,165.6244154,211.6610721
799,61984,122225,32.933578,-117.24002,33.406218,-111.99245,345.7748305,594.0708925
800,61984,153941,32.933578,-117.24002,34.001326,-117.83048,105.4350217,146.8473352
801,61984,153942,32.933578,-117.24002,33.70336,-117.92688,77.90435716,116.0680613
802,61985,61986,37.37326,-121.91884,34.438155,-119.75101,270.9306416,445.4658345
803,61985,61987,37.37326,-121.91884,37.284189,-121.99933,17.39777199,16.11568089
804,61985,61988,37.37326,-121.91884,34.111868,-118.14985,328.7458344,555.0134256
805,61985,61989,37.37326,-121.91884,37.647933,-122.40601,44.38805759,55.95201318
806,61985,61990,37.37326,-121.91884,39.324902,-120.22354,226.1301252,340.8604141
807,61985,62002,37.37326,-121.91884,33.889394,-118.36096,349.219678,562.7440524
808,61985,62011,37.37326,-121.91884,37.771711,-121.97156,49.15659715,53.32147436
809,61985,62013,37.37326,-121.91884,37.405137,-122.06709,12.29365682,14.37985285
810,61985,62015,37.37326,-121.91884,37.761532,-122.20461,51.73979038,54.6067251
811,61985,62017,37.37326,-121.91884,33.519722,-117.66697,399.7562155,640.8599349
812,61985,62018,37.37326,-121.91884,34.025325,-118.46961,330.708495,547.5654372
813,61985,62022,37.37326,-121.91884,34.166383,-118.60541,322.6029893,541.8653497
814,61985,64018,37.37326,-121.91884,38.569427,-121.52138,133.6862546,181.5347735
815,61985,88307,37.37326,-121.91884,37.780625,-122.39492,58.65545547,72.30250111
816,61985,88308,37.37326,-121.91884,37.740188,-122.42365,54.80200627,69.19812006
817,61985,88310,37.37326,-121.91884,37.773345,-122.40848,58.757051,72.36748548
818,61985,88315,37.37326,-121.91884,37.809238,-122.25566,59.38517504,62.87617601
819,61985,88318,37.37326,-121.91884,38.573852,-121.38246,143.6495527,195.85163
820,61985,88320,37.37326,-121.91884,38.679592,-121.32059,146.9762818,203.9684921
821,61985,121860,37.37326,-121.91884,37.8342167,-122.28154,60.90375266,67.80146476
822,61985,153941,37.37326,-121.91884,34.001326,-117.83048,362.5781815,596.9126349
823,61985,153942,37.37326,-121.91884,33.70336,-117.92688,382.1168704,608.4393038
824,61986,61987,34.438155,-119.75101,37.284189,-121.99933,271.3365744,447.4306821
825,61986,61988,34.438155,-119.75101,34.111868,-118.14985,123.3272657,187.3096285
826,61986,61989,34.438155,-119.75101,37.647933,-122.40601,308.975208,508.5560223
827,61986,61990,34.438155,-119.75101,39.324902,-120.22354,458.8640304,776.9505161
828,61986,62002,34.438155,-119.75101,33.889394,-118.36096,129.2713407,166.7690652
829,61986,62011,34.438155,-119.75101,37.771711,-121.97156,308.452429,494.4620512
830,61986,62013,34.438155,-119.75101,37.405137,-122.06709,280.6485919,462.4083189
831,61986,62015,34.438155,-119.75101,37.761532,-122.20461,316.8399498,497.2174177
832,61986,62017,34.438155,-119.75101,33.519722,-117.66697,191.7954551,249.030073
833,61986,62018,34.438155,-119.75101,34.025325,-118.46961,110.7601577,151.59045
834,61986,62022,34.438155,-119.75101,34.166383,-118.60541,78.61199399,119.5606083
835,61986,64018,34.438155,-119.75101,38.569427,-121.52138,365.1129969,616.3286296
836,61986,88307,34.438155,-119.75101,37.780625,-122.39492,323.2426058,524.9065102
837,61986,88308,34.438155,-119.75101,37.740188,-122.42365,316.7945244,520.7888309
838,61986,88310,34.438155,-119.75101,37.773345,-122.40848,323.3442014,524.9714946
839,61986,88315,34.438155,-119.75101,37.809238,-122.25566,324.4853345,505.4868686
840,61986,88318,34.438155,-119.75101,38.573852,-121.38246,372.9994699,627.1878636
841,61986,88320,34.438155,-119.75101,38.679592,-121.32059,379.7101871,640.0585941
842,61986,121860,34.438155,-119.75101,37.8342167,-122.28154,326.0039121,510.4121573
843,61986,153941,34.438155,-119.75101,34.001326,-117.83048,157.1596128,229.2088377
844,61986,153942,34.438155,-119.75101,33.70336,-117.92688,174.1561099,216.6094419
845,61987,61988,37.284189,-121.99933,34.111868,-118.14985,331.1438484,557.4008491
846,61987,61989,37.284189,-121.99933,37.647933,-122.40601,41.3161329,63.31814095
847,61987,61990,37.284189,-121.99933,39.324902,-120.22354,237.5167833,354.424443
848,61987,62002,37.284189,-121.99933,33.889394,-118.36096,351.617692,565.1314759
849,61987,62011,37.284189,-121.99933,37.771711,-121.97156,60.54325529,66.88550328
850,61987,62013,37.284189,-121.99933,37.405137,-122.06709,12.98951681,17.17043752
851,61987,62015,37.284189,-121.99933,37.761532,-122.20461,63.12644852,68.17075402
852,61987,62017,37.284189,-121.99933,33.519722,-117.66697,402.1542296,643.2473584
853,61987,62018,37.284189,-121.99933,34.025325,-118.46961,333.106509,549.9528607
854,61987,62022,37.284189,-121.99933,34.166383,-118.60541,325.0010034,544.2527732
855,61987,64018,37.284189,-121.99933,38.569427,-121.52138,145.0729127,195.0988024
856,61987,88307,37.284189,-121.99933,37.780625,-122.39492,55.58353077,79.66862888
857,61987,88308,37.284189,-121.99933,37.740188,-122.42365,49.13544934,75.55094953
858,61987,88310,37.284189,-121.99933,37.773345,-122.40848,55.6851263,79.73361325
859,61987,88315,37.284189,-121.99933,37.809238,-122.25566,70.77183318,76.44020493
860,61987,88318,37.284189,-121.99933,38.573852,-121.38246,155.0362109,209.4156589
861,61987,88320,37.284189,-121.99933,38.679592,-121.32059,158.36294,217.532521
862,61987,121860,37.284189,-121.99933,37.8342167,-122.28154,71.71040647,92.54969517
863,61987,153941,37.284189,-121.99933,34.001326,-117.83048,364.9761955,599.3000584
864,61987,153942,37.284189,-121.99933,33.70336,-117.92688,384.5148844,610.8267272
865,61988,61989,34.111868,-118.14985,37.647933,-122.40601,363.8432532,618.4158221
866,61988,61990,34.111868,-118.14985,39.324902,-120.22354,448.1650391,783.7104843
867,61988,62002,34.111868,-118.14985,33.889394,-118.36096,44.03443777,42.02914096
868,61988,62011,34.111868,-118.14985,37.771711,-121.97156,328.7529957,572.5794168
869,61988,62013,34.111868,-118.14985,37.405137,-122.06709,335.5166371,572.2681186
870,61988,62015,34.111868,-118.14985,37.761532,-122.20461,346.6053194,593.7516852
871,61988,62017,34.111868,-118.14985,33.519722,-117.66697,74.32900332,94.27873046
872,61988,62018,34.111868,-118.14985,34.025325,-118.46961,38.26366834,35.12399957
873,61988,62022,34.111868,-118.14985,34.166383,-118.60541,42.38049927,48.73810284
874,61988,64018,34.111868,-118.14985,38.569427,-121.52138,354.4140055,623.0885979
875,61988,88307,34.111868,-118.14985,37.780625,-122.39492,366.9081583,617.2574511
876,61988,88308,34.111868,-118.14985,37.740188,-122.42365,371.6625697,630.6486306
877,61988,88310,34.111868,-118.14985,37.773345,-122.40848,366.0475462,617.0940767
878,61988,88315,34.111868,-118.14985,37.809238,-122.25566,347.0707976,601.2063652
879,61988,88318,34.111868,-118.14985,38.573852,-121.38246,362.3004786,633.9478319
880,61988,88320,34.111868,-118.14985,38.679592,-121.32059,369.0111957,646.8185623
881,61988,121860,34.111868,-118.14985,37.8342167,-122.28154,349.4657096,604.1745655
882,61988,122225,34.111868,-118.14985,33.406218,-111.99245,362.0167103,605.1631719
883,61988,153941,34.111868,-118.14985,34.001326,-117.83048,42.62921978,43.61363524
884,61988,153942,34.111868,-118.14985,33.70336,-117.92688,56.68965813,61.85809931
885,61989,61990,37.647933,-122.40601,39.324902,-120.22354,211.9240536,310.2518938
886,61989,62002,37.647933,-122.40601,33.889394,-118.36096,392.9558153,626.426987
887,61989,62011,37.647933,-122.40601,37.771711,-121.97156,57.61065504,63.96238532
888,61989,62013,37.647933,-122.40601,37.405137,-122.06709,33.90044845,43.58259288
889,61989,62015,37.647933,-122.40601,37.761532,-122.20461,45.05019313,40.55944014
890,61989,62017,37.647933,-122.40601,33.519722,-117.66697,443.4923528,704.5428695
891,61989,62018,37.647933,-122.40601,34.025325,-118.46961,374.4446322,611.2483718
892,61989,62022,37.647933,-122.40601,34.166383,-118.60541,366.3391266,605.5482843
893,61989,64018,37.647933,-122.40601,38.569427,-121.52138,119.480183,150.9262533
894,61989,88307,37.647933,-122.40601,37.780625,-122.39492,16.33268059,16.72318714
895,61989,88308,37.647933,-122.40601,37.740188,-122.42365,12.47923138,13.61880609
896,61989,88310,37.647933,-122.40601,37.773345,-122.40848,16.43427611,16.78817151
897,61989,88315,37.647933,-122.40601,37.809238,-122.25566,35.86340313,33.15008565
898,61989,88318,37.647933,-122.40601,38.573852,-121.38246,129.4434811,165.2431097
899,61989,88320,37.647933,-122.40601,38.679592,-121.32059,132.7702103,173.3599718
900,61989,121860,37.647933,-122.40601,37.8342167,-122.28154,29.88313106,29.86699445
901,61989,153941,37.647933,-122.40601,34.001326,-117.83048,406.3143188,660.5955695
902,61989,153942,37.647933,-122.40601,33.70336,-117.92688,425.8530076,672.1222383
903,61990,62002,39.324902,-120.22354,33.889394,-118.36096,470.1517999,791.9859128
904,61990,62011,39.324902,-120.22354,37.771711,-121.97156,175.8682544,288.6406638
905,61990,62013,39.324902,-120.22354,37.405137,-122.06709,218.7368642,347.7039318
906,61990,62015,39.324902,-120.22354,37.761532,-122.20461,190.5926727,301.11663
907,61990,62018,39.324902,-120.22354,34.025325,-118.46961,451.6406169,776.8072976
908,61990,62022,39.324902,-120.22354,34.166383,-118.60541,443.5351112,771.1072101
909,61990,64018,39.324902,-120.22354,38.569427,-121.52138,102.281481,163.6526515
910,61990,88307,39.324902,-120.22354,37.780625,-122.39492,194.7880569,295.1559217
911,61990,88308,39.324902,-120.22354,37.740188,-122.42365,201.3097744,302.0246326
912,61990,88310,39.324902,-120.22354,37.773345,-122.40848,193.9274447,294.9925472
913,61990,88315,39.324902,-120.22354,37.809238,-122.25566,182.5964735,295.9630052
914,61990,88318,39.324902,-120.22354,38.573852,-121.38246,96.99835472,152.7062208
915,61990,88320,39.324902,-120.22354,38.679592,-121.32059,85.91069436,140.6357981
916,61990,121860,39.324902,-120.22354,37.8342167,-122.28154,179.2619562,283.5057577
917,61990,153941,39.324902,-120.22354,34.001326,-117.83048,483.5103034,826.1544952
918,62002,62011,33.889394,-118.36096,37.771711,-121.97156,353.9855954,580.5831187
919,62002,62013,33.889394,-118.36096,37.405137,-122.06709,360.7492369,580.2718205
920,62002,62015,33.889394,-118.36096,37.761532,-122.20461,371.8379192,601.7553871
921,62002,62017,33.889394,-118.36096,33.519722,-117.66697,64.19156372,82.50304406
922,62002,62018,33.889394,-118.36096,34.025325,-118.46961,24.39216402,22.20623027
923,62002,62022,33.889394,-118.36096,34.166383,-118.60541,52.43793909,48.61022097
924,62002,64018,33.889394,-118.36096,38.569427,-121.52138,379.6466053,631.0922997
925,62002,88307,33.889394,-118.36096,37.780625,-122.39492,392.1407581,625.261153
926,62002,88308,33.889394,-118.36096,37.740188,-122.42365,396.8951694,638.6523325
927,62002,88310,33.889394,-118.36096,37.773345,-122.40848,391.2801459,625.0977785
928,62002,88315,33.889394,-118.36096,37.809238,-122.25566,372.3033974,609.210067
929,62002,88318,33.889394,-118.36096,38.573852,-121.38246,387.5330783,641.9515337
930,62002,88320,33.889394,-118.36096,38.679592,-121.32059,394.2437955,654.8222642
931,62002,121860,33.889394,-118.36096,37.8342167,-122.28154,374.6983093,612.1782674
932,62002,122225,33.889394,-118.36096,33.406218,-111.99245,382.9086464,625.9731909
933,62002,153941,33.889394,-118.36096,34.001326,-117.83048,63.01520336,67.63799885
934,62002,153942,33.889394,-118.36096,33.70336,-117.92688,46.55221853,50.08241291
935,62011,62013,37.771711,-121.97156,37.405137,-122.06709,46.39584331,59.84509813
936,62011,62015,37.771711,-121.97156,37.761532,-122.20461,32.33746961,39.72354321
937,62011,62017,37.771711,-121.97156,33.519722,-117.66697,402.516917,658.1040959
938,62011,62018,37.771711,-121.97156,34.025325,-118.46961,333.4691965,564.8095983
939,62011,62022,37.771711,-121.97156,34.166383,-118.60541,325.3636908,559.1095107
940,62011,64018,37.771711,-121.97156,38.569427,-121.52138,88.66338087,129.6001041
941,62011,88307,37.771711,-121.97156,37.780625,-122.39492,49.94193536,54.16312711
942,62011,88308,37.771711,-121.97156,37.740188,-122.42365,56.4636528,61.03183807
943,62011,88310,37.771711,-121.97156,37.773345,-122.40848,49.08132318,53.99975264
944,62011,88315,37.771711,-121.97156,37.809238,-122.25566,32.8029478,47.17822319
945,62011,88318,37.771711,-121.97156,38.573852,-121.38246,98.62667902,143.9169606
946,62011,88320,37.771711,-121.97156,38.679592,-121.32059,101.9534081,152.0338227
947,62011,121860,37.771711,-121.97156,37.8342167,-122.28154,32.07639312,41.07620392
948,62011,153941,37.771711,-121.97156,34.001326,-117.83048,365.338883,614.1567959
949,62011,153942,37.771711,-121.97156,33.70336,-117.92688,384.8775718,625.6834648
950,62013,62015,37.405137,-122.06709,37.761532,-122.20461,53.34056125,54.64119047
951,62013,62017,37.405137,-122.06709,33.519722,-117.66697,413.3686916,654.6570817
952,62013,62018,37.405137,-122.06709,34.025325,-118.46961,344.320971,561.362584
953,62013,62022,37.405137,-122.06709,34.166383,-118.60541,336.2154654,555.6624965
954,62013,64018,37.405137,-122.06709,38.569427,-121.52138,140.5739403,188.7244631
955,62013,88307,37.405137,-122.06709,37.780625,-122.39492,48.84153425,59.46370364
956,62013,88308,37.405137,-122.06709,37.740188,-122.42365,44.98808504,56.35932259
957,62013,88310,37.405137,-122.06709,37.773345,-122.40848,48.94312977,59.52868801
958,62013,88315,37.405137,-122.06709,37.809238,-122.25566,60.98594591,62.91064138
959,62013,88318,37.405137,-122.06709,38.573852,-121.38246,150.5372384,203.0413196
960,62013,88320,37.405137,-122.06709,38.679592,-121.32059,153.8639675,211.1581816
961,62013,121860,37.405137,-122.06709,37.8342167,-122.28154,62.50452353,67.83593014
962,62013,153941,37.405137,-122.06709,34.001326,-117.83048,376.1906575,610.7097817
963,62013,153942,37.405137,-122.06709,33.70336,-117.92688,395.7293464,622.2364506
964,62015,62017,37.761532,-122.20461,33.519722,-117.66697,420.2985627,679.7022634
965,62015,62018,37.761532,-122.20461,34.025325,-118.46961,351.2508422,586.4077657
966,62015,62022,37.761532,-122.20461,34.166383,-118.60541,343.1453365,580.7076781
967,62015,64018,37.761532,-122.20461,38.569427,-121.52138,102.9523442,137.2557737
968,62015,88307,37.761532,-122.20461,37.780625,-122.39492,30.0262727,25.26906562
969,62015,88308,37.761532,-122.20461,37.740188,-122.42365,36.54799014,32.13777658
970,62015,88310,37.761532,-122.20461,37.773345,-122.40848,29.16566052,25.10569115
971,62015,88315,37.761532,-122.20461,37.809238,-122.25566,13.71226202,10.99392821
972,62015,88318,37.761532,-122.20461,38.573852,-121.38246,112.9156423,151.5726302
973,62015,88320,37.761532,-122.20461,38.679592,-121.32059,116.2423714,159.6894923
974,62015,121860,37.761532,-122.20461,37.8342167,-122.28154,16.10717396,13.96212855
975,62015,153941,37.761532,-122.20461,34.001326,-117.83048,383.1205287,635.7549633
976,62015,153942,37.761532,-122.20461,33.70336,-117.92688,402.6592175,647.2816322
977,62017,62018,33.519722,-117.66697,34.025325,-118.46961,86.01684221,104.4660354
978,62017,62022,33.519722,-117.66697,34.166383,-118.60541,114.0626173,130.8700261
979,62017,88307,33.519722,-117.66697,37.780625,-122.39492,442.847632,705.8950414
980,62017,88308,33.519722,-117.66697,37.740188,-122.42365,447.6020433,719.2862209
981,62017,88310,33.519722,-117.66697,37.773345,-122.40848,441.9870198,705.731667
982,62017,88315,33.519722,-117.66697,37.809238,-122.25566,423.0102712,689.8439555
983,62017,121860,33.519722,-117.66697,37.8342167,-122.28154,425.4051832,692.8121558
984,62017,122225,33.519722,-117.66697,33.406218,-111.99245,353.3711607,607.7136851
985,62017,153941,33.519722,-117.66697,34.001326,-117.83048,53.87322361,66.05628922
986,62017,153942,33.519722,-117.66697,33.70336,-117.92688,26.34255908,35.27701524
987,62018,62022,34.025325,-118.46961,34.166383,-118.60541,35.41788617,31.74704572
988,62018,64018,34.025325,-118.46961,38.569427,-121.52138,364.3186692,615.9404712
989,62018,88307,34.025325,-118.46961,37.780625,-122.39492,376.812822,610.1093245
990,62018,88308,34.025325,-118.46961,37.740188,-122.42365,381.5672333,623.500504
991,62018,88310,34.025325,-118.46961,37.773345,-122.40848,375.9522098,609.94595
992,62018,88315,34.025325,-118.46961,37.809238,-122.25566,356.9754613,594.0582385
993,62018,88318,34.025325,-118.46961,38.573852,-121.38246,372.2051422,626.7997052
994,62018,88320,34.025325,-118.46961,38.679592,-121.32059,378.9158593,639.6704357
995,62018,121860,34.025325,-118.46961,37.8342167,-122.28154,359.3703732,597.0264389
996,62018,122225,34.025325,-118.46961,33.406218,-111.99245,393.5334944,631.3149501
997,62018,153941,34.025325,-118.46961,34.001326,-117.83048,68.63611296,63.00097847
998,62018,153942,34.025325,-118.46961,33.70336,-117.92688,72.06544753,71.85464781
,62022,64018,34.166383,-118.605407,38.569427,-121.521377,354.5160256,608.3447643
,62022,88307,34.166383,-118.605407,37.780625,-122.394922,367.010635,602.5137717
,62022,88308,34.166383,-118.605407,37.740188,-122.423654,371.763998,615.9045686
,62022,88310,34.166383,-118.605407,37.773345,-122.408478,366.1500235,602.3503975
,62022,88315,34.166383,-118.605407,37.809238,-122.255662,347.1717671,586.4623565
,62022,88318,34.166383,-118.605407,38.573852,-121.382464,362.400488,619.2036631
,62022,88320,34.166383,-118.605407,38.679592,-121.320589,369.1132158,632.0747287
,62022,121860,34.166383,-118.605407,37.83421674,-122.2815383,349.5674113,589.4306788
,62022,122225,34.166383,-118.605407,33.406218,-111.99245,397.8873116,653.3509583
,62022,153941,34.166383,-118.605407,34.001326,-117.830482,82.08553879,90.79830434
,62022,153942,34.166383,-118.605407,33.70336,-117.926877,97.98585589,97.79527536
,64018,88307,38.569427,-121.521377,37.780625,-122.394922,102.2191086,136.0227187
,64018,88308,38.569427,-121.521377,37.740188,-122.423654,108.7397777,142.8910471
,64018,88310,38.569427,-121.521377,37.773345,-122.408478,101.3584971,135.8593445
,64018,88315,38.569427,-121.521377,37.809238,-122.255662,90.02601796,136.829473
,64018,88318,38.569427,-121.521377,38.573852,-121.382464,14.63270808,16.15090016
,64018,88320,38.569427,-121.521377,38.679592,-121.320589,22.08158099,28.97197213
,64018,121860,38.569427,-121.521377,37.83421674,-122.2815383,86.69223295,124.3723475
,64018,153941,38.569427,-121.521377,34.001326,-117.830482,387.9709079,664.0084663
,64018,153942,38.569427,-121.521377,33.70336,-117.926877,407.5076163,675.5348052
,66740,82474,19.808914,-155.840915,21.343935,-157.897062,,
,66767,66848,42.387412,-71.07446,41.843121,-73.081003,161.3977032,207.6210361
,70260,73480,40.78093,-81.36797,42.957467,-83.652711,246.831432,427.6734759
,88307,88308,37.780625,-122.394922,37.740188,-122.423654,12.01603318,9.52266936
,88307,88310,37.780625,-122.394922,37.773345,-122.408478,4.287568095,1.718809631
,88307,88315,37.780625,-122.394922,37.809238,-122.255662,17.91206587,16.88971344
,88307,88318,37.780625,-122.394922,38.573852,-121.382464,111.4911838,148.9825775
,88307,88320,37.780625,-122.394922,38.679592,-121.320589,114.8199236,157.0997747
,88307,121860,37.780625,-122.394922,37.83421674,-122.2815383,14.50895124,13.34400326
,88307,153941,37.780625,-122.394922,34.001326,-117.830482,400.1017638,657.6415965
,88307,153942,37.780625,-122.394922,33.70336,-117.926877,419.6384723,669.1679353
,88308,88310,37.740188,-122.423654,37.773345,-122.408478,11.72602109,4.784154044
,88308,88315,37.740188,-122.423654,37.809238,-122.255662,29.59837151,25.72531486
,88308,88318,37.740188,-122.423654,38.573852,-121.382464,123.1774894,157.8181789
,88308,88320,37.740188,-122.423654,38.679592,-121.320589,126.5062292,165.9353761
,88308,121860,37.740188,-122.423654,37.83421674,-122.2815383,26.19525689,22.17960468
,88308,153941,37.740188,-122.423654,34.001326,-117.830482,411.7880694,666.4771979
,88308,153942,37.740188,-122.423654,33.70336,-117.926877,431.3247779,678.0035367
,88310,88315,37.773345,-122.408478,37.809238,-122.255662,20.61744633,18.13896039
,88310,88318,37.773345,-122.408478,38.573852,-121.382464,114.1965642,150.2318245
,88310,88320,37.773345,-122.408478,38.679592,-121.320589,117.525304,158.3490217
,88310,121860,37.773345,-122.408478,37.83421674,-122.2815383,17.2143317,14.5932502
,88310,153941,37.773345,-122.408478,34.001326,-117.830482,402.8071443,658.8908434
,88310,153942,37.773345,-122.408478,33.70336,-117.926877,422.3438527,670.4171823
,88315,88318,37.809238,-122.255662,38.573852,-121.382464,106.6254441,143.3600627
,88315,88320,37.809238,-122.255662,38.679592,-121.320589,109.9541839,151.4772599
,88315,121860,37.809238,-122.255662,37.83421674,-122.2815383,7.79506,5.239899026
,88315,153941,37.809238,-122.255662,34.001326,-117.830482,386.6111146,642.3110998
,88315,153942,37.809238,-122.255662,33.70336,-117.926877,406.1478231,653.8374386
,88318,88320,38.573852,-121.382464,38.679592,-121.320589,16.36771703,14.74202454
,88318,121860,38.573852,-121.382464,37.83421674,-122.2815383,95.37022822,138.1552277
,88318,153941,38.573852,-121.382464,34.001326,-117.830482,395.9235754,675.9290232
,88318,153942,38.573852,-121.382464,33.70336,-117.926877,415.4602839,687.455362
,88320,121860,38.679592,-121.320589,37.83421674,-122.2815383,100.1624165,146.870982
,88320,153941,38.679592,-121.320589,34.001326,-117.830482,404.4113938,689.5198245
,88320,153942,38.679592,-121.320589,33.70336,-117.926877,423.9481022,701.0461634
,121860,153941,37.83421674,-122.2815383,34.001326,-117.830482,390.9187121,645.9382768
,121860,153942,37.83421674,-122.2815383,33.70336,-117.926877,410.4554205,657.4646156
,122225,153941,33.406218,-111.99245,34.001326,-117.830482,329.3280415,569.9542331
,122225,153942,33.406218,-111.99245,33.70336,-117.926877,356.0060887,599.3033593
,153941,153942,34.001326,-117.830482,33.70336,-117.926877,39.9518529,40.3157032